asset,origin,horizon,ape_model,ape_naive,direction_hit,inside_band
BTC,2015-09-17,7,18.834,2.012,False,False
BTC,2015-09-17,30,40.34,15.086,False,False
BTC,2015-09-17,90,70.784,49.485,False,False
BTC,2015-10-01,7,12.987,1.962,True,False
BTC,2015-10-01,30,17.129,24.387,True,False
BTC,2015-10-01,90,48.182,44.318,False,False
BTC,2015-10-15,7,20.541,7.19,False,False
BTC,2015-10-15,30,34.154,23.606,False,False
BTC,2015-10-15,90,78.451,41.18,False,False
BTC,2015-10-29,7,14.328,18.765,True,False
BTC,2015-10-29,30,0.656,12.179,True,True
BTC,2015-10-29,90,46.151,20.537,False,False
BTC,2015-11-12,7,13.65,3.68,False,False
BTC,2015-11-12,30,21.997,22.263,True,False
BTC,2015-11-12,90,43.785,11.397,False,False
BTC,2015-11-26,7,22.667,2.316,False,False
BTC,2015-11-26,30,43.683,15.479,False,False
BTC,2015-11-26,90,62.352,17.007,False,False
BTC,2015-12-10,7,1.893,8.902,True,True
BTC,2015-12-10,30,18.602,7.179,False,False
BTC,2015-12-10,90,6.942,0.149,True,False
BTC,2015-12-24,7,5.241,5.671,True,False
BTC,2015-12-24,30,14.267,17.418,True,False
BTC,2015-12-24,90,13.782,8.837,True,False
BTC,2016-01-07,7,6.33,6.447,True,False
BTC,2016-01-07,30,3.9,21.652,True,True
BTC,2016-01-07,90,4.442,8.18,True,False
BTC,2016-01-21,7,2.296,7.882,True,True
BTC,2016-01-21,30,11.406,6.154,False,False
BTC,2016-01-21,90,15.513,7.052,False,False
BTC,2016-02-04,7,5.39,2.618,True,False
BTC,2016-02-04,30,3.052,2.74,True,True
BTC,2016-02-04,90,16.948,12.788,False,False
BTC,2016-02-18,7,9.027,0.511,True,False
BTC,2016-02-18,30,16.184,2.906,False,False
BTC,2016-02-18,90,1.418,7.093,True,True
BTC,2016-03-03,7,0.432,1.084,True,True
BTC,2016-03-03,30,8.3,0.185,True,False
BTC,2016-03-03,90,32.4,21.469,False,False
BTC,2016-03-17,7,1.912,1.015,True,True
BTC,2016-03-17,30,11.68,2.311,False,False
BTC,2016-03-17,90,43.534,39.433,False,False
BTC,2016-03-31,7,1.619,1.423,False,True
BTC,2016-03-31,30,11.221,7.046,False,False
BTC,2016-03-31,90,34.002,34.875,True,False
BTC,2016-04-14,7,8.385,5.594,False,False
BTC,2016-04-14,30,6.467,6.889,True,False
BTC,2016-04-14,90,28.556,35.171,True,False
BTC,2016-04-28,7,7.336,0.231,False,False
BTC,2016-04-28,30,11.803,15.287,True,False
BTC,2016-04-28,90,19.263,31.381,True,False
BTC,2016-05-12,7,1.127,3.659,True,True
BTC,2016-05-12,30,27.185,25.046,False,False
BTC,2016-05-12,90,21.089,23.195,True,False
BTC,2016-05-26,7,17.729,15.723,False,False
BTC,2016-05-26,30,30.364,31.835,True,False
BTC,2016-05-26,90,22.799,21.855,False,False
BTC,2016-06-09,7,17.253,25.013,True,False
BTC,2016-06-09,30,1.539,11.726,True,True
BTC,2016-06-09,90,0.207,6.495,True,True
BTC,2016-06-23,7,4.867,7.331,True,False
BTC,2016-06-23,30,13.298,4.817,True,False
BTC,2016-06-23,90,14.766,4.493,False,False
BTC,2016-07-07,7,0.898,2.662,True,True
BTC,2016-07-07,30,9.45,8.98,False,False
BTC,2016-07-07,90,1.43,4.58,True,True
BTC,2016-07-21,7,4.302,1.523,False,False
BTC,2016-07-21,30,8.669,14.323,True,False
BTC,2016-07-21,90,4.928,5.47,True,False
BTC,2016-08-04,7,8.931,1.839,False,False
BTC,2016-08-04,30,14.388,3.33,False,False
BTC,2016-08-04,90,15.784,21.94,True,False
BTC,2016-08-18,7,1.803,0.596,True,True
BTC,2016-08-18,30,2.13,5.226,True,True
BTC,2016-08-18,90,6.734,22.827,True,False
BTC,2016-09-01,7,9.981,8.624,False,False
BTC,2016-09-01,30,6.851,6.788,False,False
BTC,2016-09-01,90,7.884,23.252,True,False
BTC,2016-09-15,7,6.964,1.821,False,False
BTC,2016-09-15,30,2.608,4.931,True,True
BTC,2016-09-15,90,8.031,22.307,True,False
BTC,2016-09-29,7,4.258,1.195,False,False
BTC,2016-09-29,30,4.53,15.226,True,False
BTC,2016-09-29,90,19.649,37.936,True,False
BTC,2016-10-13,7,7.39,0.94,False,False
BTC,2016-10-13,30,6.791,9.683,True,False
BTC,2016-10-13,90,5.886,18.125,True,False
BTC,2016-10-27,7,0.329,0.056,True,True
BTC,2016-10-27,30,8.037,6.401,False,False
BTC,2016-10-27,90,20.737,23.652,True,False
BTC,2016-11-10,7,4.626,3.434,False,False
BTC,2016-11-10,30,4.27,7.631,True,False
BTC,2016-11-10,90,28.523,32.692,True,False
BTC,2016-11-24,7,4.455,2.178,True,False
BTC,2016-11-24,30,3.844,17.638,True,False
BTC,2016-11-24,90,24.546,33.751,True,False
BTC,2016-12-08,7,0.458,0.935,True,True
BTC,2016-12-08,30,15.35,15.164,False,False
BTC,2016-12-08,90,34.673,32.973,False,False
BTC,2016-12-22,7,15.268,11.192,False,False
BTC,2016-12-22,30,14.896,6.211,False,False
BTC,2016-12-22,90,23.423,17.595,False,False
BTC,2017-01-05,7,35.008,25.912,False,False
BTC,2017-01-05,30,1.082,2.831,True,True
BTC,2017-01-05,90,2.165,9.904,True,False
BTC,2017-01-19,7,19.008,2.018,False,False
BTC,2017-01-19,30,24.657,14.733,False,False
BTC,2017-01-19,90,33.646,25.714,False,False
BTC,2017-02-02,7,7.033,1.752,False,False
BTC,2017-02-02,30,13.609,19.388,True,False
BTC,2017-02-02,90,23.76,32.098,True,False
BTC,2017-02-16,7,14.759,11.938,False,False
BTC,2017-02-16,30,1.672,5.506,True,True
BTC,2017-02-16,90,45.67,44.133,False,False
BTC,2017-03-02,7,4.228,5.26,True,False
BTC,2017-03-02,30,14.983,15.781,True,False
BTC,2017-03-02,90,39.967,45.285,True,False
BTC,2017-03-16,7,18.368,14.368,False,False
BTC,2017-03-16,30,5.904,1.304,False,False
BTC,2017-03-16,90,41.365,52.608,True,False
BTC,2017-03-30,7,22.37,13.212,False,False
BTC,2017-03-30,30,26.55,22.345,False,False
BTC,2017-03-30,90,53.6,60.135,True,False
BTC,2017-04-13,7,8.598,4.865,True,False
BTC,2017-04-13,30,27.266,35.217,True,False
BTC,2017-04-13,90,35.867,51.256,True,False
BTC,2017-04-27,7,20.354,14.303,False,False
BTC,2017-04-27,30,38.04,35.37,False,False
BTC,2017-04-27,90,43.877,47.904,True,False
BTC,2017-05-11,7,0.224,2.122,True,True
BTC,2017-05-11,30,30.544,37.288,True,False
BTC,2017-05-11,90,37.545,44.694,True,False
BTC,2017-05-25,7,1.374,4.273,True,True
BTC,2017-05-25,30,0.897,11.643,True,True
BTC,2017-05-25,90,39.318,44.479,True,False
BTC,2017-06-08,7,14.684,13.838,False,False
BTC,2017-06-08,30,9.076,9.111,True,False
BTC,2017-06-08,90,38.095,38.97,True,False
BTC,2017-06-22,7,3.75,6.541,True,False
BTC,2017-06-22,30,6.28,3.726,False,False
BTC,2017-06-22,90,34.165,30.736,False,False
BTC,2017-07-06,7,6.194,10.631,True,False
BTC,2017-07-06,30,24.727,19.808,False,False
BTC,2017-07-06,90,41.439,38.323,False,False
BTC,2017-07-20,7,14.123,5.458,True,False
BTC,2017-07-20,30,47.743,32.814,False,False
BTC,2017-07-20,90,58.962,49.602,False,False
BTC,2017-08-03,7,14.04,17.051,True,False
BTC,2017-08-03,30,37.053,38.745,True,False
BTC,2017-08-03,90,56.0,58.555,True,False
BTC,2017-08-17,7,5.032,0.069,True,False
BTC,2017-08-17,30,25.351,19.494,False,False
BTC,2017-08-17,90,34.108,40.788,True,False
BTC,2017-08-31,7,0.812,2.25,True,True
BTC,2017-08-31,30,4.877,8.405,True,False
BTC,2017-08-31,90,52.818,52.436,False,False
BTC,2017-09-14,7,1.087,13.112,True,True
BTC,2017-09-14,30,35.605,45.901,True,False
BTC,2017-09-14,90,76.384,80.772,True,False
BTC,2017-09-28,7,6.444,3.55,False,False
BTC,2017-09-28,30,29.393,27.435,False,False
BTC,2017-09-28,90,72.376,73.642,True,False
BTC,2017-10-12,7,9.225,4.583,False,False
BTC,2017-10-12,30,18.238,14.324,False,False
BTC,2017-10-12,90,63.931,63.623,False,False
BTC,2017-10-26,7,15.478,16.581,True,False
BTC,2017-10-26,30,31.499,32.83,True,False
BTC,2017-10-26,90,45.753,48.018,True,False
BTC,2017-11-09,7,1.946,9.25,True,True
BTC,2017-11-09,30,49.514,52.935,True,False
BTC,2017-11-09,90,4.503,6.268,True,False
BTC,2017-11-23,7,19.738,21.447,True,False
BTC,2017-11-23,30,43.497,45.312,True,False
BTC,2017-11-23,90,19.76,24.804,True,False
BTC,2017-12-07,7,3.985,8.064,True,False
BTC,2017-12-07,30,26.811,2.126,False,False
BTC,2017-12-07,90,238.684,79.615,False,False
BTC,2017-12-21,7,27.986,8.191,False,False
BTC,2017-12-21,30,43.885,22.511,False,False
BTC,2017-12-21,90,107.64,76.978,False,False
BTC,2018-01-04,7,4.234,16.362,True,True
BTC,2018-01-04,30,43.027,70.02,True,False
BTC,2018-01-04,90,95.048,127.598,True,False
BTC,2018-01-18,7,16.698,1.914,False,False
BTC,2018-01-18,30,18.682,3.259,False,False
BTC,2018-01-18,90,61.411,40.565,False,False
BTC,2018-02-01,7,6.913,10.948,True,True
BTC,2018-02-01,30,17.638,20.185,True,False
BTC,2018-02-01,90,2.754,0.708,True,True
BTC,2018-02-15,7,2.894,1.613,True,True
BTC,2018-02-15,30,19.894,28.414,True,False
BTC,2018-02-15,90,25.536,21.479,False,False
BTC,2018-03-01,7,16.528,16.562,True,False
BTC,2018-03-01,30,55.851,57.037,True,False
BTC,2018-03-01,90,59.643,47.856,False,False
BTC,2018-03-15,7,14.066,4.899,False,False
BTC,2018-03-15,30,0.32,3.94,True,True
BTC,2018-03-15,90,49.319,30.724,False,False
BTC,2018-03-29,7,29.587,5.2,False,False
BTC,2018-03-29,30,4.942,23.349,True,True
BTC,2018-03-29,90,63.81,16.381,False,False
BTC,2018-04-12,7,24.106,4.884,False,False
BTC,2018-04-12,30,15.74,7.239,False,False
BTC,2018-04-12,90,18.64,23.372,True,False
BTC,2018-04-26,7,6.574,4.745,True,True
BTC,2018-04-26,30,48.37,26.178,False,False
BTC,2018-04-26,90,39.89,13.447,False,False
BTC,2018-05-10,7,16.25,11.732,False,False
BTC,2018-05-10,30,38.129,20.074,False,False
BTC,2018-05-10,90,68.967,43.423,False,False
BTC,2018-05-24,7,0.333,1.243,True,True
BTC,2018-05-24,30,30.114,23.122,False,False
BTC,2018-05-24,90,54.789,18.985,False,False
BTC,2018-06-07,7,24.654,15.024,False,False
BTC,2018-06-07,30,15.1,11.978,False,False
BTC,2018-06-07,90,41.678,13.034,False,False
BTC,2018-06-21,7,6.16,13.997,True,True
BTC,2018-06-21,30,21.692,9.294,False,False
BTC,2018-06-21,90,8.123,5.176,False,True
BTC,2018-07-05,7,14.072,6.588,False,False
BTC,2018-07-05,30,7.984,5.598,True,True
BTC,2018-07-05,90,39.044,2.1,False,False
BTC,2018-07-19,7,11.339,6.096,False,False
BTC,2018-07-19,30,35.423,16.238,False,False
BTC,2018-07-19,90,46.549,14.095,False,False
BTC,2018-08-02,7,28.307,15.208,False,False
BTC,2018-08-02,30,33.523,5.198,False,False
BTC,2018-08-02,90,88.524,19.779,False,False
BTC,2018-08-16,7,2.458,3.063,True,True
BTC,2018-08-16,30,3.961,3.186,False,True
BTC,2018-08-16,90,56.929,10.393,False,False
BTC,2018-08-30,7,6.268,6.878,True,True
BTC,2018-08-30,30,8.607,5.699,True,True
BTC,2018-08-30,90,183.234,63.907,False,False
BTC,2018-09-13,7,5.505,0.036,True,True
BTC,2018-09-13,30,30.104,3.68,False,False
BTC,2018-09-13,90,450.251,86.906,False,False
BTC,2018-09-27,7,3.246,1.521,False,True
BTC,2018-09-27,30,38.123,3.03,False,False
BTC,2018-09-27,90,373.912,73.094,False,False
BTC,2018-10-11,7,3.626,3.404,True,True
BTC,2018-10-11,30,24.132,2.387,True,False
BTC,2018-10-11,90,279.068,55.038,False,False
BTC,2018-10-25,7,19.948,1.545,False,False
BTC,2018-10-25,30,149.088,66.882,False,False
BTC,2018-10-25,90,251.68,80.643,False,False
BTC,2018-11-08,7,1.048,14.265,True,True
BTC,2018-11-08,30,300.723,85.659,False,False
BTC,2018-11-08,90,121.46,89.05,False,False
BTC,2018-11-22,7,102.653,2.035,False,False
BTC,2018-11-22,30,275.074,8.763,False,False
BTC,2018-11-22,90,112.089,9.153,False,False
BTC,2018-12-06,7,4.205,6.26,True,True
BTC,2018-12-06,30,67.421,8.429,False,False
BTC,2018-12-06,90,182.952,9.807,False,False
BTC,2018-12-20,7,19.802,13.123,False,False
BTC,2018-12-20,30,42.785,10.885,True,False
BTC,2018-12-20,90,153.803,1.149,True,False
BTC,2019-01-03,7,45.809,4.29,True,False
BTC,2019-01-03,30,206.644,8.965,True,False
BTC,2019-01-03,90,217.298,22.849,False,False
BTC,2019-01-17,7,50.893,2.158,True,False
BTC,2019-01-17,30,95.069,1.344,True,False
BTC,2019-01-17,90,125.304,29.958,False,False
BTC,2019-01-31,7,19.702,1.716,False,False
BTC,2019-01-31,30,61.675,10.522,True,False
BTC,2019-01-31,90,8.062,35.999,True,True
BTC,2019-02-14,7,3.291,8.529,True,True
BTC,2019-02-14,30,45.597,10.666,False,False
BTC,2019-02-14,90,77.945,55.919,False,False
BTC,2019-02-28,7,26.823,1.45,False,False
BTC,2019-02-28,30,102.646,6.133,False,False
BTC,2019-02-28,90,100.468,55.485,False,False
BTC,2019-03-14,7,20.988,2.605,False,False
BTC,2019-03-14,30,54.025,23.0,False,False
BTC,2019-03-14,90,76.141,51.824,False,False
BTC,2019-03-28,7,13.805,17.342,True,False
BTC,2019-03-28,30,24.082,22.762,True,False
BTC,2019-03-28,90,73.564,68.738,False,False
BTC,2019-04-11,7,17.124,4.415,True,False
BTC,2019-04-11,30,4.427,29.706,True,True
BTC,2019-04-11,90,63.03,58.339,False,False
BTC,2019-04-25,7,1.268,5.354,True,True
BTC,2019-04-25,30,52.694,35.294,False,False
BTC,2019-04-25,90,60.521,46.896,False,False
BTC,2019-05-09,7,29.618,21.692,False,False
BTC,2019-05-09,30,46.046,22.373,False,False
BTC,2019-05-09,90,65.697,48.296,False,False
BTC,2019-05-23,7,0.226,5.26,True,True
BTC,2019-05-23,30,32.625,26.35,False,False
BTC,2019-05-23,90,27.844,22.255,False,False
BTC,2019-06-06,7,7.853,4.968,False,False
BTC,2019-06-06,30,37.009,30.214,False,False
BTC,2019-06-06,90,28.317,26.169,False,False
BTC,2019-06-20,7,18.821,14.805,False,False
BTC,2019-06-20,30,3.976,11.516,True,False
BTC,2019-06-20,90,6.714,6.58,False,False
BTC,2019-07-04,7,12.284,1.261,True,False
BTC,2019-07-04,30,24.593,3.638,False,False
BTC,2019-07-04,90,51.23,33.628,False,False
BTC,2019-07-18,7,3.627,7.614,True,True
BTC,2019-07-18,30,17.979,4.249,True,False
BTC,2019-07-18,90,4.29,32.544,True,True
BTC,2019-08-01,7,21.981,13.093,False,False
BTC,2019-08-01,30,2.337,7.985,True,True
BTC,2019-08-01,90,0.276,12.97,True,True
BTC,2019-08-15,7,15.65,1.782,False,False
BTC,2019-08-15,30,12.774,0.449,True,False
BTC,2019-08-15,90,24.278,17.067,False,False
BTC,2019-08-29,7,18.389,10.074,False,False
BTC,2019-08-29,30,4.16,15.332,True,True
BTC,2019-08-29,90,17.673,26.27,True,False
BTC,2019-09-12,7,8.768,1.4,False,False
BTC,2019-09-12,30,31.872,24.873,False,False
BTC,2019-09-12,90,11.914,44.236,True,False
BTC,2019-09-26,7,2.596,1.707,False,True
BTC,2019-09-26,30,10.67,12.18,True,False
BTC,2019-09-26,90,24.753,11.599,True,False
BTC,2019-10-10,7,2.603,5.955,True,True
BTC,2019-10-10,30,7.918,2.577,False,False
BTC,2019-10-10,90,26.824,6.27,True,False
BTC,2019-10-24,7,10.89,18.545,True,False
BTC,2019-10-24,30,13.407,1.294,True,False
BTC,2019-10-24,90,40.011,13.678,False,False
BTC,2019-11-07,7,4.755,6.425,True,True
BTC,2019-11-07,30,20.337,22.648,True,False
BTC,2019-11-07,90,36.253,3.598,False,False
BTC,2019-11-21,7,1.69,2.407,True,True
BTC,2019-11-21,30,1.885,6.28,True,True
BTC,2019-11-21,90,23.743,20.664,False,False
BTC,2019-12-05,7,2.096,2.833,True,True
BTC,2019-12-05,30,3.435,0.508,False,True
BTC,2019-12-05,90,11.51,14.927,True,False
BTC,2019-12-19,7,0.26,0.499,True,True
BTC,2019-12-19,30,21.952,19.457,False,False
BTC,2019-12-19,90,38.245,37.5,False,False
BTC,2020-01-02,7,13.333,11.341,False,False
BTC,2020-01-02,30,29.301,25.63,False,False
BTC,2020-01-02,90,15.929,5.732,False,False
BTC,2020-01-16,7,4.404,3.774,False,True
BTC,2020-01-16,30,10.727,11.787,True,False
BTC,2020-01-16,90,59.805,31.341,False,False
BTC,2020-01-30,7,5.235,2.269,False,False
BTC,2020-01-30,30,12.916,10.576,False,False
BTC,2020-01-30,90,25.667,8.044,False,False
BTC,2020-02-13,7,6.99,6.306,False,False
BTC,2020-02-13,30,100.044,96.417,False,False
BTC,2020-02-13,90,49.912,10.188,False,False
BTC,2020-02-27,7,1.899,3.241,True,True
BTC,2020-02-27,30,55.659,40.728,False,False
BTC,2020-02-27,90,49.338,4.319,True,False
BTC,2020-03-12,7,5.848,19.712,True,True
BTC,2020-03-12,30,18.205,27.53,True,False
BTC,2020-03-12,90,11.443,49.638,True,False
BTC,2020-03-26,7,4.394,1.136,True,True
BTC,2020-03-26,30,1.453,11.275,True,True
BTC,2020-03-26,90,46.159,27.886,True,False
BTC,2020-04-09,7,8.887,2.603,False,False
BTC,2020-04-09,30,4.857,23.888,True,True
BTC,2020-04-09,90,48.444,22.552,True,False
BTC,2020-04-23,7,21.839,14.192,False,False
BTC,2020-04-23,30,7.046,19.324,True,False
BTC,2020-04-23,90,21.545,22.001,True,False
BTC,2020-05-07,7,19.307,2.238,False,False
BTC,2020-05-07,30,23.582,3.085,False,False
BTC,2020-05-07,90,27.488,15.285,True,False
BTC,2020-05-21,7,11.054,4.661,False,False
BTC,2020-05-21,30,12.695,2.685,True,False
BTC,2020-05-21,90,7.525,22.763,True,False
BTC,2020-06-04,7,14.625,5.137,False,False
BTC,2020-06-04,30,54.75,7.316,False,False
BTC,2020-06-04,90,10.596,14.135,True,False
BTC,2020-06-18,7,17.953,1.587,False,False
BTC,2020-06-18,30,9.89,2.76,False,False
BTC,2020-06-18,90,10.849,14.242,True,False
BTC,2020-07-02,7,18.469,1.666,False,False
BTC,2020-07-02,30,40.717,22.417,False,False
BTC,2020-07-02,90,54.687,15.402,False,False
BTC,2020-07-16,7,2.392,4.685,True,True
BTC,2020-07-16,30,13.31,23.037,True,False
BTC,2020-07-16,90,33.933,20.1,False,False
BTC,2020-07-30,7,8.846,5.675,False,False
BTC,2020-07-30,30,16.233,3.438,False,False
BTC,2020-07-30,90,34.44,16.276,False,False
BTC,2020-08-13,7,1.171,0.793,False,True
BTC,2020-08-13,30,11.871,12.851,True,False
BTC,2020-08-13,90,34.417,24.948,False,False
BTC,2020-08-27,7,15.115,10.523,False,False
BTC,2020-08-27,30,1.312,5.327,True,True
BTC,2020-08-27,90,51.108,39.551,False,False
BTC,2020-09-10,7,16.793,5.351,False,False
BTC,2020-09-10,30,37.143,8.261,False,False
BTC,2020-09-10,90,64.936,44.146,False,False
BTC,2020-09-24,7,2.252,1.324,False,True
BTC,2020-09-24,30,14.315,17.913,True,False
BTC,2020-09-24,90,57.904,53.703,False,False
BTC,2020-10-08,7,9.943,5.043,False,False
BTC,2020-10-08,30,23.32,26.413,True,False
BTC,2020-10-08,90,72.85,70.357,False,False
BTC,2020-10-22,7,0.602,3.512,True,True
BTC,2020-10-22,30,36.264,30.449,False,False
BTC,2020-10-22,90,63.231,63.525,True,False
BTC,2020-11-05,7,14.032,4.279,False,False
BTC,2020-11-05,30,34.626,18.661,False,False
BTC,2020-11-05,90,60.838,58.423,False,False
BTC,2020-11-19,7,3.927,3.886,False,False
BTC,2020-11-19,30,26.772,25.357,False,False
BTC,2020-11-19,90,60.084,65.834,True,False
BTC,2020-12-03,7,4.598,6.463,True,False
BTC,2020-12-03,30,40.322,39.474,False,False
BTC,2020-12-03,90,60.149,61.523,True,False
BTC,2020-12-17,7,15.161,3.921,False,False
BTC,2020-12-17,30,40.939,36.964,False,False
BTC,2020-12-17,90,67.355,61.262,False,False
BTC,2020-12-31,7,21.589,26.337,True,False
BTC,2020-12-31,30,7.095,15.372,True,False
BTC,2020-12-31,90,49.761,50.777,True,False
BTC,2021-01-14,7,31.094,27.126,False,False
BTC,2021-01-14,30,11.933,16.809,True,False
BTC,2021-01-14,90,39.194,37.906,False,False
BTC,2021-01-28,7,21.27,9.37,False,False
BTC,2021-01-28,30,36.587,27.544,False,False
BTC,2021-01-28,90,49.066,38.958,False,False
BTC,2021-02-11,7,7.599,7.296,True,False
BTC,2021-02-11,30,0.103,21.772,True,True
BTC,2021-02-11,90,64.813,2.525,True,False
BTC,2021-02-25,7,4.88,3.022,True,False
BTC,2021-02-25,30,12.546,15.864,True,False
BTC,2021-02-25,90,29.582,19.849,False,False
BTC,2021-03-11,7,7.656,0.093,False,False
BTC,2021-03-11,30,8.611,3.325,False,False
BTC,2021-03-11,90,57.327,54.786,False,False
BTC,2021-03-25,7,1.206,12.508,True,True
BTC,2021-03-25,30,18.138,3.303,False,False
BTC,2021-03-25,90,78.42,53.32,False,False
BTC,2021-04-08,7,12.771,7.881,False,False
BTC,2021-04-08,30,0.837,0.816,False,True
BTC,2021-04-08,90,71.531,72.274,True,False
BTC,2021-04-22,7,10.384,3.348,True,False
BTC,2021-04-22,30,59.638,37.898,False,False
BTC,2021-04-22,90,87.207,61.199,False,False
BTC,2021-05-06,7,9.173,13.437,True,False
BTC,2021-05-06,30,54.933,58.631,True,False
BTC,2021-05-06,90,42.153,41.887,False,False
BTC,2021-05-20,7,3.971,6.103,True,True
BTC,2021-05-20,30,15.556,14.507,False,False
BTC,2021-05-20,90,3.786,8.97,True,True
BTC,2021-06-03,7,1.883,6.828,True,True
BTC,2021-06-03,30,2.574,13.096,True,True
BTC,2021-06-03,90,23.394,19.732,False,False
BTC,2021-06-17,7,16.161,9.783,False,False
BTC,2021-06-17,30,26.837,20.678,False,False
BTC,2021-06-17,90,14.249,21.012,True,False
BTC,2021-07-01,7,3.551,2.113,True,True
BTC,2021-07-01,30,19.202,19.349,True,False
BTC,2021-07-01,90,19.862,19.229,False,False
BTC,2021-07-15,7,7.622,1.648,True,True
BTC,2021-07-15,30,21.344,32.521,True,False
BTC,2021-07-15,90,37.008,44.634,True,False
BTC,2021-07-29,7,3.812,2.107,False,True
BTC,2021-07-29,30,20.522,18.187,False,False
BTC,2021-07-29,90,29.429,31.589,True,False
BTC,2021-08-12,7,1.056,4.9,True,True
BTC,2021-08-12,30,0.701,1.71,True,True
BTC,2021-08-12,90,22.546,31.644,True,False
BTC,2021-08-26,7,4.686,4.836,True,True
BTC,2021-08-26,30,10.183,9.892,False,False
BTC,2021-08-26,90,2.881,16.592,True,True
BTC,2021-09-09,7,3.197,2.913,True,True
BTC,2021-09-09,30,9.92,15.603,True,False
BTC,2021-09-09,90,13.453,8.145,True,False
BTC,2021-09-23,7,2.052,2.522,True,True
BTC,2021-09-23,30,25.865,26.873,True,False
BTC,2021-09-23,90,14.063,7.677,True,False
BTC,2021-10-07,7,5.179,6.133,True,True
BTC,2021-10-07,30,7.265,12.55,True,False
BTC,2021-10-07,90,78.737,23.496,False,False
BTC,2021-10-21,7,12.287,2.62,False,False
BTC,2021-10-21,30,20.667,4.21,False,False
BTC,2021-10-21,90,112.215,49.027,False,False
BTC,2021-11-04,7,8.902,5.385,False,False
BTC,2021-11-04,30,28.738,24.901,False,False
BTC,2021-11-04,90,117.528,66.298,False,False
BTC,2021-11-18,7,14.334,0.581,True,False
BTC,2021-11-18,30,43.805,21.545,False,False
BTC,2021-11-18,90,117.776,29.526,False,False
BTC,2021-12-02,7,7.646,18.471,True,False
BTC,2021-12-02,30,37.425,18.435,False,False
BTC,2021-12-02,90,92.899,28.58,False,False
BTC,2021-12-16,7,0.421,6.142,True,True
BTC,2021-12-16,30,45.792,10.394,False,False
BTC,2021-12-16,90,99.166,15.85,False,False
BTC,2021-12-30,7,27.757,9.307,False,False
BTC,2021-12-30,30,42.217,23.703,False,False
BTC,2021-12-30,90,67.794,0.245,False,False
BTC,2022-01-13,7,18.274,4.698,True,False
BTC,2022-01-13,30,9.057,0.822,False,False
BTC,2022-01-13,90,38.796,3.461,False,False
BTC,2022-01-27,7,21.156,0.044,True,False
BTC,2022-01-27,30,50.662,5.03,True,False
BTC,2022-01-27,90,64.343,5.359,True,False
BTC,2022-02-10,7,11.446,7.467,False,False
BTC,2022-02-10,30,26.553,11.981,False,False
BTC,2022-02-10,90,60.792,50.555,False,False
BTC,2022-02-24,7,2.059,9.703,True,True
BTC,2022-02-24,30,14.125,13.861,True,False
BTC,2022-02-24,90,6.016,29.667,True,True
BTC,2022-03-10,7,5.929,3.697,False,True
BTC,2022-03-10,30,7.359,7.818,True,True
BTC,2022-03-10,90,43.977,30.526,True,False
BTC,2022-03-24,7,2.574,3.465,True,True
BTC,2022-03-24,30,15.696,11.331,False,False
BTC,2022-03-24,90,29.672,119.947,True,False
BTC,2022-04-07,7,3.15,8.935,True,True
BTC,2022-04-07,30,2.774,22.539,True,True
BTC,2022-04-07,90,27.079,111.716,True,False
BTC,2022-04-21,7,11.968,1.895,False,False
BTC,2022-04-21,30,7.831,37.697,True,True
BTC,2022-04-21,90,4.086,74.448,True,True
BTC,2022-05-05,7,2.578,25.914,True,True
BTC,2022-05-05,30,60.392,22.6,True,False
BTC,2022-05-05,90,22.093,60.091,True,False
BTC,2022-05-19,7,12.815,3.578,True,False
BTC,2022-05-19,30,29.376,59.401,True,False
BTC,2022-05-19,90,51.565,29.904,False,False
BTC,2022-06-02,7,3.532,1.181,False,True
BTC,2022-06-02,30,45.032,58.336,True,False
BTC,2022-06-02,90,121.254,51.959,False,False
BTC,2022-06-16,7,5.107,3.34,True,True
BTC,2022-06-16,30,3.243,3.816,True,True
BTC,2022-06-16,90,63.86,0.694,False,False
BTC,2022-06-30,7,29.381,8.563,False,False
BTC,2022-06-30,30,11.869,16.366,True,False
BTC,2022-06-30,90,44.412,1.843,False,False
BTC,2022-07-14,7,16.781,11.201,True,False
BTC,2022-07-14,30,60.308,15.78,True,False
BTC,2022-07-14,90,162.45,7.373,False,False
BTC,2022-07-28,7,4.564,5.36,True,True
BTC,2022-07-28,30,58.162,18.971,False,False
BTC,2022-07-28,90,117.523,14.797,False,False
BTC,2022-08-11,7,11.624,3.209,False,False
BTC,2022-08-11,30,20.358,10.502,False,False
BTC,2022-08-11,90,163.51,50.859,False,False
BTC,2022-08-25,7,9.59,7.322,False,True
BTC,2022-08-25,30,9.654,14.067,True,True
BTC,2022-08-25,90,93.133,30.042,False,False
BTC,2022-09-08,7,25.247,1.885,False,False
BTC,2022-09-08,30,14.954,0.447,True,False
BTC,2022-09-08,90,21.341,14.73,False,False
BTC,2022-09-22,7,32.196,0.815,True,False
BTC,2022-09-22,30,121.728,1.069,False,False
BTC,2022-09-22,90,70.0,15.436,False,False
BTC,2022-10-06,7,15.142,2.954,False,False
BTC,2022-10-06,30,32.079,6.236,True,False
BTC,2022-10-06,90,30.741,18.337,True,False
BTC,2022-10-20,7,7.815,6.074,True,True
BTC,2022-10-20,30,23.397,14.015,False,False
BTC,2022-10-20,90,101.7,7.903,False,False
BTC,2022-11-03,7,9.253,14.916,True,True
BTC,2022-11-03,30,51.308,19.527,True,False
BTC,2022-11-03,90,120.623,14.811,False,False
BTC,2022-11-17,7,18.867,0.5,True,False
BTC,2022-11-17,30,75.008,0.641,False,False
BTC,2022-11-17,90,104.121,31.349,False,False
BTC,2022-12-01,7,16.157,1.545,False,False
BTC,2022-12-01,30,30.176,2.536,True,False
BTC,2022-12-01,90,84.773,28.247,False,False
BTC,2022-12-15,7,5.269,3.176,False,True
BTC,2022-12-15,30,48.878,17.217,False,False
BTC,2022-12-15,90,56.349,28.762,False,False
BTC,2022-12-29,7,8.573,1.155,False,True
BTC,2022-12-29,30,65.098,27.74,False,False
BTC,2022-12-29,90,46.756,41.294,False,False
BTC,2023-01-12,7,39.066,10.515,False,False
BTC,2023-01-12,30,33.433,13.723,False,False
BTC,2023-01-12,90,49.965,37.392,False,False
BTC,2023-01-26,7,18.638,1.871,True,False
BTC,2023-01-26,30,20.676,0.615,True,False
BTC,2023-01-26,90,3.111,18.963,True,True
BTC,2023-02-09,7,9.753,7.638,False,False
BTC,2023-02-09,30,5.497,5.751,True,True
BTC,2023-02-09,90,55.506,21.008,False,False
BTC,2023-02-23,7,5.397,2.011,True,True
BTC,2023-02-23,30,3.584,12.901,True,True
BTC,2023-02-23,90,53.22,9.065,False,False
BTC,2023-03-09,7,5.806,18.72,True,False
BTC,2023-03-09,30,5.425,27.139,True,True
BTC,2023-03-09,90,45.006,22.709,False,False
BTC,2023-03-23,7,2.812,1.072,True,True
BTC,2023-03-23,30,21.556,1.857,True,False
BTC,2023-03-23,90,89.768,5.639,False,False
BTC,2023-04-06,7,6.349,7.747,True,False
BTC,2023-04-06,30,24.176,2.977,False,False
BTC,2023-04-06,90,77.118,8.095,False,False
BTC,2023-04-20,7,5.572,4.166,False,False
BTC,2023-04-20,30,33.162,4.115,True,False
BTC,2023-04-20,90,63.136,5.576,False,False
BTC,2023-05-04,7,8.168,6.84,True,False
BTC,2023-05-04,30,15.537,6.547,True,False
BTC,2023-05-04,90,43.481,1.044,False,False
BTC,2023-05-18,7,7.454,1.345,False,False
BTC,2023-05-18,30,18.895,1.213,True,False
BTC,2023-05-18,90,25.636,6.514,False,False
BTC,2023-06-01,7,13.495,1.176,True,False
BTC,2023-06-01,30,54.777,12.325,False,False
BTC,2023-06-01,90,45.629,1.749,False,False
BTC,2023-06-15,7,16.421,14.495,False,False
BTC,2023-06-15,30,14.341,15.578,True,False
BTC,2023-06-15,90,6.955,2.486,False,False
BTC,2023-06-29,7,9.563,1.792,False,False
BTC,2023-06-29,30,20.507,3.708,False,False
BTC,2023-06-29,90,22.147,15.53,False,False
BTC,2023-07-13,7,4.661,5.653,True,False
BTC,2023-07-13,30,11.392,7.003,False,False
BTC,2023-07-13,90,4.258,17.128,True,False
BTC,2023-07-27,7,0.241,0.11,False,True
BTC,2023-07-27,30,3.43,12.312,True,True
BTC,2023-07-27,90,23.831,15.338,False,False
BTC,2023-08-10,7,5.107,10.37,True,False
BTC,2023-08-10,30,4.817,13.647,True,False
BTC,2023-08-10,90,33.591,17.461,False,False
BTC,2023-08-24,7,6.393,0.89,True,False
BTC,2023-08-24,30,8.617,1.569,False,False
BTC,2023-08-24,90,45.579,30.108,False,False
BTC,2023-09-07,7,3.33,1.128,False,True
BTC,2023-09-07,30,13.504,6.181,False,False
BTC,2023-09-07,90,48.152,40.018,False,False
BTC,2023-09-21,7,0.619,1.68,True,True
BTC,2023-09-21,30,7.573,11.2,True,False
BTC,2023-09-21,90,43.88,39.138,False,False
BTC,2023-10-05,7,0.502,2.463,True,True
BTC,2023-10-05,30,22.315,21.852,False,False
BTC,2023-10-05,90,42.961,36.016,False,False
BTC,2023-10-19,7,11.769,15.917,True,False
BTC,2023-10-19,30,28.237,21.5,False,False
BTC,2023-10-19,90,28.346,32.808,True,False
BTC,2023-11-02,7,7.948,4.783,False,False
BTC,2023-11-02,30,19.684,11.496,False,False
BTC,2023-11-02,90,10.135,17.952,True,False
BTC,2023-11-16,7,2.817,3.043,True,False
BTC,2023-11-16,30,12.488,14.407,True,False
BTC,2023-11-16,90,16.255,30.239,True,False
BTC,2023-11-30,7,10.117,12.889,True,False
BTC,2023-11-30,30,9.982,10.542,True,False
BTC,2023-11-30,90,28.705,39.664,True,False
BTC,2023-12-14,7,1.739,1.927,True,True
BTC,2023-12-14,30,6.932,0.424,False,False
BTC,2023-12-14,90,30.419,41.13,True,False
BTC,2023-12-28,7,0.59,3.513,True,True
BTC,2023-12-28,30,18.859,1.206,False,False
BTC,2023-12-28,90,20.207,38.626,True,False
BTC,2024-01-11,7,17.216,12.376,False,False
BTC,2024-01-11,30,5.109,2.936,True,False
BTC,2024-01-11,90,20.031,34.311,True,False
BTC,2024-01-25,7,11.133,7.294,False,False
BTC,2024-01-25,30,25.134,22.566,False,False
BTC,2024-01-25,90,31.149,37.872,True,False
BTC,2024-02-08,7,10.351,12.779,True,False
BTC,2024-02-08,30,32.546,33.865,True,False
BTC,2024-02-08,90,15.776,25.963,True,False
BTC,2024-02-22,7,13.494,16.166,True,False
BTC,2024-02-22,30,10.823,19.914,True,False
BTC,2024-02-22,90,17.46,25.777,True,False
BTC,2024-03-07,7,0.651,6.262,True,True
BTC,2024-03-07,30,10.583,2.86,True,False
BTC,2024-03-07,90,5.64,5.849,True,False
BTC,2024-03-21,7,4.788,7.426,True,False
BTC,2024-03-21,30,5.544,0.765,False,False
BTC,2024-03-21,90,3.256,0.818,False,False
BTC,2024-04-04,7,2.802,2.215,False,False
BTC,2024-04-04,30,4.683,7.227,True,False
BTC,2024-04-04,90,17.121,13.851,False,False
BTC,2024-04-18,7,0.363,1.503,True,True
BTC,2024-04-18,30,6.084,5.121,False,False
BTC,2024-04-18,90,2.623,0.945,True,True
BTC,2024-05-02,7,7.539,6.228,False,False
BTC,2024-05-02,30,15.633,12.677,False,False
BTC,2024-05-02,90,7.009,8.505,True,False
BTC,2024-05-16,7,4.695,3.972,False,False
BTC,2024-05-16,30,3.128,1.449,False,False
BTC,2024-05-16,90,12.744,11.057,False,False
BTC,2024-05-30,7,2.273,3.381,True,True
BTC,2024-05-30,30,19.842,12.281,False,False
BTC,2024-05-30,90,15.706,15.819,True,False
BTC,2024-06-13,7,7.102,2.974,False,False
BTC,2024-06-13,30,20.679,12.703,False,False
BTC,2024-06-13,90,18.479,16.416,False,False
BTC,2024-06-27,7,7.489,8.121,True,False
BTC,2024-06-27,30,11.664,9.155,False,False
BTC,2024-06-27,90,8.764,2.436,False,False
BTC,2024-07-11,7,14.607,10.362,False,False
BTC,2024-07-11,30,12.116,5.908,False,False
BTC,2024-07-11,90,14.05,5.343,False,False
BTC,2024-07-25,7,7.877,0.642,False,False
BTC,2024-07-25,30,3.66,2.49,False,False
BTC,2024-07-25,90,10.372,0.986,True,False
BTC,2024-08-08,7,9.67,7.21,True,False
BTC,2024-08-08,30,7.425,13.983,True,False
BTC,2024-08-08,90,22.985,18.415,False,False
BTC,2024-08-22,7,0.611,1.673,True,True
BTC,2024-08-22,30,5.525,4.753,False,False
BTC,2024-08-22,90,24.33,35.995,True,False
BTC,2024-09-05,7,1.734,3.383,True,True
BTC,2024-09-05,30,3.83,9.55,True,True
BTC,2024-09-05,90,26.278,43.139,True,False
BTC,2024-09-19,7,8.608,3.437,False,False
BTC,2024-09-19,30,7.818,7.932,True,False
BTC,2024-09-19,90,23.107,37.086,True,False
BTC,2024-10-03,7,9.727,0.804,False,False
BTC,2024-10-03,30,5.926,12.311,True,False
BTC,2024-10-03,90,13.529,35.65,True,False
BTC,2024-10-17,7,2.177,1.117,False,True
BTC,2024-10-17,30,21.25,25.573,True,False
BTC,2024-10-17,90,22.984,32.938,True,False
BTC,2024-10-31,7,2.883,7.496,True,True
BTC,2024-10-31,30,20.243,27.2,True,False
BTC,2024-10-31,90,22.717,32.292,True,False
BTC,2024-11-14,7,7.895,11.425,True,False
BTC,2024-11-14,30,5.771,13.931,True,False
BTC,2024-11-14,90,2.979,10.865,True,True
BTC,2024-11-28,7,2.765,0.974,True,True
BTC,2024-11-28,30,6.478,0.513,False,False
BTC,2024-11-28,90,38.436,13.403,False,False
BTC,2024-12-12,7,2.767,2.618,False,True
BTC,2024-12-12,30,6.358,5.791,False,False
BTC,2024-12-12,90,50.041,19.494,False,False
BTC,2024-12-26,7,0.306,1.126,True,True
BTC,2024-12-26,30,8.795,8.518,False,False
BTC,2024-12-26,90,40.819,10.235,False,False
BTC,2025-01-09,7,5.311,7.291,True,False
BTC,2025-01-09,30,1.506,4.144,True,True
BTC,2025-01-09,90,46.5,12.001,False,False
BTC,2025-01-23,7,3.809,0.74,True,False
BTC,2025-01-23,30,24.95,7.644,False,False
BTC,2025-01-23,90,38.522,10.951,False,False
BTC,2025-02-06,7,0.34,0.032,False,True
BTC,2025-02-06,30,33.289,12.116,False,False
BTC,2025-02-06,90,13.529,0.452,True,False
BTC,2025-02-20,7,26.912,16.091,False,False
BTC,2025-02-20,30,40.413,17.298,False,False
BTC,2025-02-20,90,6.264,10.343,True,False
BTC,2025-03-06,7,3.576,10.972,True,True
BTC,2025-03-06,30,1.451,7.732,True,True
BTC,2025-03-06,90,18.354,14.103,False,False
BTC,2025-03-20,7,1.459,3.453,True,True
BTC,2025-03-20,30,2.655,1.054,False,True
BTC,2025-03-20,90,20.106,19.752,False,False
BTC,2025-04-03,7,3.939,4.366,True,False
BTC,2025-04-03,30,19.768,13.337,False,False
BTC,2025-04-03,90,32.553,23.66,False,False
BTC,2025-04-17,7,15.683,9.631,False,False
BTC,2025-04-17,30,21.218,17.73,False,False
BTC,2025-04-17,90,33.176,28.502,False,False
BTC,2025-05-01,7,0.142,6.537,True,True
BTC,2025-05-01,30,4.546,7.785,True,False
BTC,2025-05-01,90,11.124,18.11,True,False
BTC,2025-05-15,7,7.61,7.1,False,False
BTC,2025-05-15,30,1.713,1.638,False,True
BTC,2025-05-15,90,23.165,15.89,False,False
BTC,2025-05-29,7,10.43,4.003,False,False
BTC,2025-05-29,30,4.249,1.571,False,False
BTC,2025-05-29,90,7.46,5.017,False,False
BTC,2025-06-12,7,2.093,1.189,True,True
BTC,2025-06-12,30,15.618,9.798,False,False
BTC,2025-06-12,90,15.471,7.043,False,False
BTC,2025-06-26,7,6.322,2.451,False,False
BTC,2025-06-26,30,7.74,9.315,True,False
BTC,2025-06-26,90,6.766,5.62,False,False
BTC,2025-07-10,7,0.069,2.769,True,True
BTC,2025-07-10,30,1.315,0.44,False,True
BTC,2025-07-10,90,3.096,5.973,True,False
BTC,2025-07-24,7,1.428,2.255,True,True
BTC,2025-07-24,30,4.574,2.595,True,False
BTC,2025-07-24,90,7.191,9.917,True,False
BTC,2025-08-07,7,4.024,0.729,False,False
BTC,2025-08-07,30,1.374,6.598,True,True
BTC,2025-08-07,90,24.972,13.095,False,False
BTC,2025-08-21,7,0.409,0.112,True,True
BTC,2025-08-21,30,2.026,2.854,True,True
BTC,2025-08-21,90,56.989,22.908,False,False
BTC,2025-09-04,7,4.729,4.142,False,False
BTC,2025-09-04,30,4.506,9.558,True,False
BTC,2025-09-04,90,63.03,18.386,False,False
BTC,2025-09-18,7,10.152,7.417,False,False
BTC,2025-09-18,30,12.401,9.272,False,False
BTC,2025-09-18,90,80.83,35.979,False,False
BTC,2025-10-02,7,4.447,0.842,False,False
BTC,2025-10-02,30,13.448,9.646,False,False
BTC,2025-10-02,90,70.074,37.908,False,False
BTC,2025-10-16,7,0.24,1.711,True,True
BTC,2025-10-16,30,35.934,13.226,False,False
BTC,2025-10-16,90,46.713,11.613,False,False
BTC,2025-10-30,7,21.384,6.914,False,False
BTC,2025-10-30,30,60.454,19.211,False,False
BTC,2025-10-30,90,68.994,21.44,False,False
BTC,2025-11-13,7,17.192,15.082,False,False
BTC,2025-11-13,30,21.717,10.409,False,False
BTC,2025-11-13,90,60.366,48.82,False,False
BTC,2025-11-27,7,2.48,0.929,False,True
BTC,2025-11-27,30,0.011,3.967,True,True
BTC,2025-11-27,90,22.396,34.322,True,False
BTC,2025-12-11,7,5.318,8.248,True,False
BTC,2025-12-11,30,4.586,2.351,True,False
BTC,2025-12-11,90,5.893,31.773,True,False
BTC,2025-12-25,7,4.296,1.687,False,False
BTC,2025-12-25,30,3.616,2.105,True,True
BTC,2025-12-25,90,4.466,22.332,True,True
BTC,2026-01-08,7,6.135,4.735,True,False
BTC,2026-01-08,30,45.836,31.386,False,False
BTC,2026-01-08,90,20.163,27.985,True,False
BTC,2026-01-22,7,3.12,5.796,True,True
BTC,2026-01-22,30,15.439,31.555,True,False
BTC,2026-01-22,90,6.503,14.398,True,False
BTC,2026-02-05,7,3.29,5.315,True,True
BTC,2026-02-05,30,14.994,6.794,False,False
BTC,2026-02-05,90,12.235,22.996,True,False
BTC,2026-02-19,7,9.645,0.736,False,False
BTC,2026-02-19,30,21.825,2.553,False,False
BTC,2026-02-19,90,1.293,13.556,True,True
BTC,2026-03-05,7,0.573,0.493,True,True
BTC,2026-03-05,30,1.256,5.277,True,True
BTC,2026-03-05,90,45.974,10.664,False,False
BTC,2026-03-19,7,2.25,1.63,False,True
BTC,2026-03-19,30,6.735,7.677,True,False
BTC,2026-03-19,90,40.602,8.529,False,False
BTC,2026-04-02,7,6.774,6.799,True,False
BTC,2026-04-02,30,3.884,14.962,True,True
BTC,2026-04-02,90,54.668,11.474,False,False
BTC,2026-04-16,7,3.034,3.982,True,True
BTC,2026-04-16,30,21.191,3.813,True,False
BTC,2026-04-16,90,66.773,16.133,False,False
BTC,2026-04-30,7,4.221,4.632,True,False
BTC,2026-04-30,30,23.904,3.457,False,False
BTC,2026-04-30,90,59.947,19.397,False,False
BTC,2026-05-14,7,4.619,4.529,False,False
BTC,2026-05-14,30,23.942,25.814,True,False
BTC,2026-05-14,90,45.205,27.836,False,False
BTC,2026-05-28,7,19.602,15.258,False,False
BTC,2026-05-28,30,27.082,22.683,False,False
BTC,2026-05-28,90,6.999,6.948,True,False
BTC,2026-06-11,7,12.958,1.057,True,False
BTC,2026-06-11,30,1.759,0.378,True,True
BTC,2026-06-11,90,22.07,18.782,False,False
BTC,2026-06-25,7,11.648,2.868,True,False
BTC,2026-06-25,30,21.1,7.137,True,False
BTC,2026-06-25,90,7.979,29.225,True,False
GOLD,2015-09-17,7,5.574,3.163,False,False
GOLD,2015-09-17,30,5.916,5.602,False,False
GOLD,2015-09-17,90,0.689,3.646,True,True
GOLD,2015-10-01,7,2.144,2.664,True,False
GOLD,2015-10-01,30,0.6,2.392,True,True
GOLD,2015-10-01,90,5.683,5.103,False,False
GOLD,2015-10-15,7,1.871,1.826,True,False
GOLD,2015-10-15,30,0.473,9.909,True,True
GOLD,2015-10-15,90,6.668,9.232,True,False
GOLD,2015-10-29,7,5.519,3.875,False,False
GOLD,2015-10-29,30,13.417,8.616,False,False
GOLD,2015-10-29,90,15.005,2.786,False,False
GOLD,2015-11-12,7,2.293,0.26,True,False
GOLD,2015-11-12,30,0.792,0.362,False,True
GOLD,2015-11-12,90,8.269,9.534,True,False
GOLD,2015-11-25,7,4.941,1.546,False,False
GOLD,2015-11-25,30,0.687,0.622,True,True
GOLD,2015-11-25,90,9.109,12.419,True,False
GOLD,2015-12-10,7,0.29,2.122,True,True
GOLD,2015-12-10,30,2.938,2.25,False,False
GOLD,2015-12-10,90,19.268,14.603,False,False
GOLD,2015-12-24,7,1.069,1.594,True,True
GOLD,2015-12-24,30,6.796,1.823,True,False
GOLD,2015-12-24,90,12.825,11.972,False,False
GOLD,2016-01-07,7,7.457,3.147,False,False
GOLD,2016-01-07,30,0.065,4.327,True,True
GOLD,2016-01-07,90,9.203,9.391,True,False
GOLD,2016-01-21,7,4.569,1.479,False,False
GOLD,2016-01-21,30,18.688,10.671,False,False
GOLD,2016-01-21,90,21.965,12.297,False,False
GOLD,2016-02-04,7,5.352,7.236,True,False
GOLD,2016-02-04,30,2.031,8.843,True,False
GOLD,2016-02-04,90,20.401,9.087,True,False
GOLD,2016-02-18,7,0.445,0.977,True,True
GOLD,2016-02-18,30,4.852,2.209,False,False
GOLD,2016-02-18,90,3.581,3.737,True,False
GOLD,2016-03-03,7,4.027,1.148,False,False
GOLD,2016-03-03,30,3.75,2.88,False,False
GOLD,2016-03-03,90,3.905,3.754,False,False
GOLD,2016-03-17,7,4.375,3.529,False,False
GOLD,2016-03-17,30,3.783,2.546,False,False
GOLD,2016-03-17,90,2.441,1.657,False,False
GOLD,2016-03-31,7,2.306,0.162,False,False
GOLD,2016-03-31,30,7.019,4.266,False,False
GOLD,2016-03-31,90,10.853,6.775,False,False
GOLD,2016-04-14,7,0.274,1.922,True,True
GOLD,2016-04-14,30,0.763,3.687,True,True
GOLD,2016-04-14,90,10.044,8.746,False,False
GOLD,2016-04-28,7,0.188,0.464,True,True
GOLD,2016-04-28,30,5.086,4.259,False,False
GOLD,2016-04-28,90,12.368,4.606,False,False
GOLD,2016-05-12,7,0.061,1.284,True,True
GOLD,2016-05-12,30,3.683,0.243,False,False
GOLD,2016-05-12,90,14.004,5.505,False,False
GOLD,2016-05-26,7,2.031,0.851,True,False
GOLD,2016-05-26,30,20.773,7.568,False,False
GOLD,2016-05-26,90,52.645,7.875,False,False
GOLD,2016-06-09,7,3.545,1.998,False,False
GOLD,2016-06-09,30,9.228,6.369,False,False
GOLD,2016-06-09,90,11.07,5.512,False,False
GOLD,2016-06-23,7,5.517,4.339,False,False
GOLD,2016-06-23,30,25.876,4.678,False,False
GOLD,2016-06-23,90,64.349,4.951,False,False
GOLD,2016-07-07,7,0.514,2.163,True,True
GOLD,2016-07-07,30,4.026,1.773,True,False
GOLD,2016-07-07,90,5.944,7.501,True,False
GOLD,2016-07-21,7,1.123,0.135,False,True
GOLD,2016-07-21,30,1.694,0.739,True,False
GOLD,2016-07-21,90,10.492,4.937,False,False
GOLD,2016-08-04,7,3.742,1.214,False,False
GOLD,2016-08-04,30,6.611,2.776,False,False
GOLD,2016-08-04,90,7.564,3.979,False,False
GOLD,2016-08-18,7,0.266,2.356,True,True
GOLD,2016-08-18,30,0.021,3.477,True,True
GOLD,2016-08-18,90,2.423,10.446,True,False
GOLD,2016-09-01,7,1.964,1.84,False,False
GOLD,2016-09-01,30,1.601,0.084,True,False
GOLD,2016-09-01,90,8.078,12.077,True,False
GOLD,2016-09-15,7,1.613,2.007,True,False
GOLD,2016-09-15,30,8.759,4.82,False,False
GOLD,2016-09-15,90,8.006,13.106,True,False
GOLD,2016-09-29,7,8.527,5.753,False,False
GOLD,2016-09-29,30,6.799,3.622,False,False
GOLD,2016-09-29,90,12.73,16.0,True,False
GOLD,2016-10-13,7,3.498,0.838,False,False
GOLD,2016-10-13,30,10.341,0.83,False,False
GOLD,2016-10-13,90,5.654,4.968,True,False
GOLD,2016-10-27,7,4.046,2.627,False,False
GOLD,2016-10-27,30,1.84,7.613,True,False
GOLD,2016-10-27,90,4.064,5.897,True,False
GOLD,2016-11-10,7,4.19,4.028,False,False
GOLD,2016-11-10,30,9.03,9.151,True,False
GOLD,2016-11-10,90,10.924,2.254,False,False
GOLD,2016-11-23,7,0.589,1.563,True,True
GOLD,2016-11-23,30,5.041,5.053,True,False
GOLD,2016-11-23,90,8.571,3.911,True,False
GOLD,2016-12-08,7,4.456,3.724,False,False
GOLD,2016-12-08,30,1.684,0.179,True,False
GOLD,2016-12-08,90,11.984,3.202,True,False
GOLD,2016-12-22,7,2.799,2.387,False,False
GOLD,2016-12-22,30,4.747,6.269,True,False
GOLD,2016-12-22,90,2.294,9.645,True,False
GOLD,2017-01-05,7,2.376,1.601,False,False
GOLD,2017-01-05,30,1.259,3.184,True,True
GOLD,2017-01-05,90,4.977,5.275,True,False
GOLD,2017-01-19,7,4.999,0.958,False,False
GOLD,2017-01-19,30,9.796,2.965,True,False
GOLD,2017-01-19,90,7.109,6.282,True,False
GOLD,2017-02-02,7,1.657,1.49,False,False
GOLD,2017-02-02,30,3.443,0.718,True,False
GOLD,2017-02-02,90,3.514,2.383,True,False
GOLD,2017-02-16,7,1.932,0.816,True,False
GOLD,2017-02-16,30,4.619,0.829,False,False
GOLD,2017-02-16,90,3.242,1.392,True,False
GOLD,2017-03-02,7,1.476,2.453,True,False
GOLD,2017-03-02,30,4.04,1.235,False,False
GOLD,2017-03-02,90,6.335,3.153,False,False
GOLD,2017-03-16,7,4.4,1.636,False,False
GOLD,2017-03-16,30,7.84,4.619,False,False
GOLD,2017-03-16,90,3.976,3.638,False,False
GOLD,2017-03-30,7,1.513,0.424,True,False
GOLD,2017-03-30,30,2.769,1.667,True,False
GOLD,2017-03-30,90,8.762,0.24,True,False
GOLD,2017-04-13,7,0.238,0.312,True,True
GOLD,2017-04-13,30,7.218,4.869,False,False
GOLD,2017-04-13,90,13.278,5.566,False,False
GOLD,2017-04-27,7,4.69,3.033,False,False
GOLD,2017-04-27,30,2.678,0.308,False,False
GOLD,2017-04-27,90,6.604,1.177,False,False
GOLD,2017-05-11,7,7.329,2.317,False,False
GOLD,2017-05-11,30,8.876,3.611,False,False
GOLD,2017-05-11,90,2.175,3.951,True,False
GOLD,2017-05-25,7,2.835,0.884,True,False
GOLD,2017-05-25,30,9.58,0.032,True,False
GOLD,2017-05-25,90,9.696,2.568,True,False
GOLD,2017-06-08,7,2.669,1.925,False,False
GOLD,2017-06-08,30,11.737,5.602,False,False
GOLD,2017-06-08,90,0.961,4.318,True,True
GOLD,2017-06-22,7,1.364,0.273,False,False
GOLD,2017-06-22,30,1.605,0.534,True,False
GOLD,2017-06-22,90,2.888,4.909,True,False
GOLD,2017-07-06,7,0.02,0.485,True,True
GOLD,2017-07-06,30,3.411,2.869,False,False
GOLD,2017-07-06,90,9.236,4.043,False,False
GOLD,2017-07-20,7,1.595,1.175,False,False
GOLD,2017-07-20,30,2.703,3.181,True,False
GOLD,2017-07-20,90,8.778,2.742,False,False
GOLD,2017-08-03,7,0.874,1.239,True,True
GOLD,2017-08-03,30,4.28,4.281,True,False
GOLD,2017-08-03,90,2.144,0.494,False,False
GOLD,2017-08-17,7,2.317,0.008,False,False
GOLD,2017-08-17,30,4.775,2.575,False,False
GOLD,2017-08-17,90,9.101,0.776,True,False
GOLD,2017-08-31,7,1.013,2.149,True,False
GOLD,2017-08-31,30,14.501,2.708,False,False
GOLD,2017-08-31,90,28.873,2.66,False,False
GOLD,2017-09-14,7,1.299,2.642,True,False
GOLD,2017-09-14,30,30.886,1.783,True,False
GOLD,2017-09-14,90,98.223,6.367,True,False
GOLD,2017-09-28,7,0.762,1.228,True,True
GOLD,2017-09-28,30,19.224,1.34,False,False
GOLD,2017-09-28,90,50.26,0.117,True,False
GOLD,2017-10-12,7,6.187,0.497,False,False
GOLD,2017-10-12,30,20.068,1.643,False,False
GOLD,2017-10-12,90,44.663,1.829,True,False
GOLD,2017-10-26,7,7.107,0.675,False,False
GOLD,2017-10-26,30,36.764,1.585,False,False
GOLD,2017-10-26,90,93.741,6.608,False,False
GOLD,2017-11-09,7,5.764,0.642,False,False
GOLD,2017-11-09,30,35.268,3.244,False,False
GOLD,2017-11-09,90,114.826,1.982,True,False
GOLD,2017-11-22,7,1.24,0.741,True,False
GOLD,2017-11-22,30,13.715,1.27,True,False
GOLD,2017-11-22,90,31.242,2.8,False,False
GOLD,2017-12-07,7,2.212,0.319,False,False
GOLD,2017-12-07,30,2.471,5.34,True,False
GOLD,2017-12-07,90,7.589,5.747,True,False
GOLD,2017-12-21,7,3.747,2.071,True,False
GOLD,2017-12-21,30,18.808,4.85,True,False
GOLD,2017-12-21,90,59.279,4.043,True,False
GOLD,2018-01-04,7,0.217,0.091,False,True
GOLD,2018-01-04,30,6.431,1.072,False,False
GOLD,2018-01-04,90,19.159,1.228,False,False
GOLD,2018-01-18,7,1.599,2.672,True,False
GOLD,2018-01-18,30,7.079,2.01,True,False
GOLD,2018-01-18,90,19.571,1.865,True,False
GOLD,2018-02-01,7,2.666,2.081,False,False
GOLD,2018-02-01,30,0.838,1.756,True,True
GOLD,2018-02-01,90,1.584,3.201,True,True
GOLD,2018-02-15,7,1.032,1.616,True,False
GOLD,2018-02-15,30,0.978,3.111,True,False
GOLD,2018-02-15,90,1.593,4.798,True,False
GOLD,2018-03-01,7,0.292,1.288,True,True
GOLD,2018-03-01,30,2.252,1.504,True,False
GOLD,2018-03-01,90,6.118,0.108,False,False
GOLD,2018-03-15,7,0.886,0.739,False,False
GOLD,2018-03-15,30,0.758,2.082,True,True
GOLD,2018-03-15,90,3.611,1.534,False,False
GOLD,2018-03-29,7,3.078,0.113,True,False
GOLD,2018-03-29,30,4.259,0.189,False,False
GOLD,2018-03-29,90,8.064,5.587,False,False
GOLD,2018-04-12,7,1.157,0.624,False,False
GOLD,2018-04-12,30,3.297,1.471,True,False
GOLD,2018-04-12,90,1.87,7.692,True,False
GOLD,2018-04-26,7,1.657,0.427,True,False
GOLD,2018-04-26,30,0.577,0.997,True,True
GOLD,2018-04-26,90,5.837,6.895,True,False
GOLD,2018-05-10,7,3.455,2.531,False,False
GOLD,2018-05-10,30,5.285,1.749,False,False
GOLD,2018-05-10,90,12.512,8.923,False,False
GOLD,2018-05-24,7,2.49,0.277,True,False
GOLD,2018-05-24,30,9.057,2.864,True,False
GOLD,2018-05-24,90,21.371,8.978,True,False
GOLD,2018-06-07,7,0.32,0.406,True,True
GOLD,2018-06-07,30,5.891,3.54,False,False
GOLD,2018-06-07,90,34.641,8.687,False,False
GOLD,2018-06-21,7,0.237,1.555,True,True
GOLD,2018-06-21,30,1.127,3.066,True,False
GOLD,2018-06-21,90,8.692,5.407,False,False
GOLD,2018-07-05,7,0.442,0.988,True,True
GOLD,2018-07-05,30,7.326,3.55,False,False
GOLD,2018-07-05,90,9.507,4.924,False,False
GOLD,2018-07-19,7,0.345,0.237,True,True
GOLD,2018-07-19,30,1.031,3.901,True,False
GOLD,2018-07-19,90,14.854,0.106,False,False
GOLD,2018-08-02,7,1.971,0.107,False,False
GOLD,2018-08-02,30,4.371,0.858,True,False
GOLD,2018-08-02,90,30.52,0.14,False,False
GOLD,2018-08-16,7,1.274,0.91,True,False
GOLD,2018-08-16,30,3.518,1.573,True,False
GOLD,2018-08-16,90,1.403,2.624,True,False
GOLD,2018-08-30,7,1.524,0.017,True,False
GOLD,2018-08-30,30,2.088,0.52,True,False
GOLD,2018-08-30,90,5.011,1.94,False,False
GOLD,2018-09-13,7,3.091,0.348,False,False
GOLD,2018-09-13,30,5.553,1.322,False,False
GOLD,2018-09-13,90,10.082,3.407,False,False
GOLD,2018-09-27,7,0.57,1.245,True,True
GOLD,2018-09-27,30,2.558,4.073,True,False
GOLD,2018-09-27,90,4.678,6.847,True,False
GOLD,2018-10-11,7,3.227,0.245,False,False
GOLD,2018-10-11,30,2.262,1.417,True,False
GOLD,2018-10-11,90,4.308,5.104,True,False
GOLD,2018-10-25,7,0.054,0.558,True,True
GOLD,2018-10-25,30,2.561,0.663,False,False
GOLD,2018-10-25,90,1.532,4.209,True,False
GOLD,2018-11-08,7,1.742,0.833,False,False
GOLD,2018-11-08,30,2.711,1.917,False,False
GOLD,2018-11-08,90,1.755,6.613,True,False
GOLD,2018-11-21,7,1.889,0.36,True,False
GOLD,2018-11-21,30,5.773,2.233,False,False
GOLD,2018-11-21,90,6.964,8.529,True,False
GOLD,2018-12-06,7,0.742,0.37,True,True
GOLD,2018-12-06,30,2.533,3.477,True,False
GOLD,2018-12-06,90,2.946,3.642,True,False
GOLD,2018-12-20,7,0.432,1.073,True,True
GOLD,2018-12-20,30,3.095,1.381,True,False
GOLD,2018-12-20,90,0.346,2.837,True,True
GOLD,2019-01-03,7,1.989,0.553,False,False
GOLD,2019-01-03,30,0.519,1.906,True,True
GOLD,2019-01-03,90,2.903,0.147,False,False
GOLD,2019-01-17,7,0.528,0.93,True,True
GOLD,2019-01-17,30,2.985,2.056,False,False
GOLD,2019-01-17,90,0.906,1.478,True,False
GOLD,2019-01-31,7,2.989,0.787,False,False
GOLD,2019-01-31,30,11.849,1.797,False,False
GOLD,2019-01-31,90,35.72,2.989,False,False
GOLD,2019-02-14,7,2.089,1.035,False,False
GOLD,2019-02-14,30,1.412,0.615,True,False
GOLD,2019-02-14,90,2.719,1.041,True,False
GOLD,2019-02-28,7,2.943,2.259,False,False
GOLD,2019-02-28,30,3.387,1.531,False,False
GOLD,2019-02-28,90,1.642,2.514,True,False
GOLD,2019-03-14,7,0.478,0.972,True,True
GOLD,2019-03-14,30,2.279,0.217,False,False
GOLD,2019-03-14,90,4.649,2.891,False,False
GOLD,2019-03-28,7,2.971,0.062,False,False
GOLD,2019-03-28,30,2.692,0.381,False,False
GOLD,2019-03-28,90,11.117,8.629,False,False
GOLD,2019-04-11,7,0.556,1.313,True,True
GOLD,2019-04-11,30,3.167,0.226,True,False
GOLD,2019-04-11,90,15.891,8.616,False,False
GOLD,2019-04-25,7,0.012,0.48,True,True
GOLD,2019-04-25,30,2.366,0.561,False,False
GOLD,2019-04-25,90,16.721,10.332,False,False
GOLD,2019-05-09,7,1.003,0.117,True,False
GOLD,2019-05-09,30,5.255,4.302,True,False
GOLD,2019-05-09,90,6.785,14.848,True,False
GOLD,2019-05-23,7,0.746,0.179,False,True
GOLD,2019-05-23,30,10.547,7.979,False,False
GOLD,2019-05-23,90,22.339,14.609,False,False
GOLD,2019-06-06,7,1.378,0.119,True,False
GOLD,2019-06-06,30,3.003,4.231,True,False
GOLD,2019-06-06,90,7.096,13.72,True,False
GOLD,2019-06-20,7,3.621,1.101,False,False
GOLD,2019-06-20,30,6.589,2.259,False,False
GOLD,2019-06-20,90,14.159,7.602,False,False
GOLD,2019-07-03,7,0.276,0.539,True,True
GOLD,2019-07-03,30,5.014,1.93,False,False
GOLD,2019-07-03,90,8.685,4.339,False,False
GOLD,2019-07-18,7,0.127,0.863,True,True
GOLD,2019-07-18,30,8.702,5.712,False,False
GOLD,2019-07-18,90,5.452,4.16,False,False
GOLD,2019-08-01,7,5.507,5.128,False,False
GOLD,2019-08-01,30,7.424,6.464,False,False
GOLD,2019-08-01,90,3.577,4.842,True,False
GOLD,2019-08-15,7,3.119,1.489,False,False
GOLD,2019-08-15,30,3.989,1.925,False,False
GOLD,2019-08-15,90,7.205,3.961,False,False
GOLD,2019-08-29,7,1.031,0.732,False,False
GOLD,2019-08-29,30,2.152,1.828,False,False
GOLD,2019-08-29,90,7.682,5.03,False,False
GOLD,2019-09-12,7,0.68,0.02,True,True
GOLD,2019-09-12,30,1.077,1.079,True,False
GOLD,2019-09-12,90,4.209,1.994,False,False
GOLD,2019-09-26,7,1.224,0.027,False,False
GOLD,2019-09-26,30,4.254,0.534,False,False
GOLD,2019-09-26,90,6.734,0.56,False,False
GOLD,2019-10-10,7,0.664,0.168,False,True
GOLD,2019-10-10,30,2.39,2.292,False,False
GOLD,2019-10-10,90,0.572,4.02,True,True
GOLD,2019-10-24,7,1.976,0.827,False,False
GOLD,2019-10-24,30,0.644,2.447,True,True
GOLD,2019-10-24,90,0.552,3.626,True,True
GOLD,2019-11-07,7,1.22,0.516,True,False
GOLD,2019-11-07,30,3.778,0.35,False,False
GOLD,2019-11-07,90,2.251,6.008,True,False
GOLD,2019-11-21,7,1.197,0.667,False,False
GOLD,2019-11-21,30,2.181,0.787,True,False
GOLD,2019-11-21,90,2.038,8.983,True,False
GOLD,2019-12-05,7,1.27,0.695,False,False
GOLD,2019-12-05,30,1.663,4.667,True,False
GOLD,2019-12-05,90,6.024,10.005,True,False
GOLD,2019-12-19,7,1.694,2.061,True,False
GOLD,2019-12-19,30,3.581,5.171,True,False
GOLD,2019-12-19,90,2.467,0.061,False,False
GOLD,2020-01-02,7,0.942,1.753,True,True
GOLD,2020-01-02,30,2.007,3.689,True,False
GOLD,2020-01-02,90,1.34,3.403,True,False
GOLD,2020-01-16,7,0.503,0.997,True,True
GOLD,2020-01-16,30,0.599,2.129,True,True
GOLD,2020-01-16,90,10.519,10.317,False,False
GOLD,2020-01-30,7,1.122,1.176,True,False
GOLD,2020-01-30,30,0.969,1.24,True,False
GOLD,2020-01-30,90,8.775,7.039,False,False
GOLD,2020-02-13,7,3.18,2.567,False,False
GOLD,2020-02-13,30,1.203,3.919,True,False
GOLD,2020-02-13,90,11.4,8.098,False,False
GOLD,2020-02-27,7,0.184,1.584,True,True
GOLD,2020-02-27,30,3.287,0.991,False,False
GOLD,2020-02-27,90,2.039,4.11,True,False
GOLD,2020-03-12,7,11.1,7.487,False,False
GOLD,2020-03-12,30,6.278,8.461,True,False
GOLD,2020-03-12,90,2.547,7.636,True,False
GOLD,2020-03-26,7,1.658,1.501,True,True
GOLD,2020-03-26,30,8.256,4.259,False,False
GOLD,2020-03-26,90,3.819,7.042,True,False
GOLD,2020-04-09,7,0.12,0.918,True,True
GOLD,2020-04-09,30,0.122,1.538,True,True
GOLD,2020-04-09,90,1.308,4.636,True,True
GOLD,2020-04-23,7,1.05,2.915,True,True
GOLD,2020-04-23,30,1.501,0.075,False,True
GOLD,2020-04-23,90,1.629,7.067,True,False
GOLD,2020-05-07,7,2.225,0.938,False,False
GOLD,2020-05-07,30,2.502,2.305,False,False
GOLD,2020-05-07,90,8.014,15.981,True,False
GOLD,2020-05-21,7,3.422,0.42,False,False
GOLD,2020-05-21,30,5.335,1.854,True,False
GOLD,2020-05-21,90,1.14,12.678,True,True
GOLD,2020-06-04,7,0.549,0.713,True,True
GOLD,2020-06-04,30,1.046,3.497,True,True
GOLD,2020-06-04,90,1.726,11.174,True,False
GOLD,2020-06-18,7,0.759,2.231,True,True
GOLD,2020-06-18,30,3.116,4.359,True,False
GOLD,2020-06-18,90,5.906,12.149,True,False
GOLD,2020-07-02,7,0.184,0.765,True,True
GOLD,2020-07-02,30,6.397,8.804,True,False
GOLD,2020-07-02,90,0.329,5.566,True,True
GOLD,2020-07-16,7,4.172,4.746,True,False
GOLD,2020-07-16,30,2.628,7.667,True,False
GOLD,2020-07-16,90,1.033,5.61,True,True
GOLD,2020-07-30,7,2.455,6.142,True,False
GOLD,2020-07-30,30,4.023,1.651,True,False
GOLD,2020-07-30,90,7.992,3.358,False,False
GOLD,2020-08-13,7,2.511,1.228,False,False
GOLD,2020-08-13,30,2.148,1.155,False,False
GOLD,2020-08-13,90,4.611,5.844,True,False
GOLD,2020-08-27,7,1.901,0.268,False,False
GOLD,2020-08-27,30,0.88,3.552,True,True
GOLD,2020-08-27,90,2.3,7.04,True,False
GOLD,2020-09-10,7,1.694,0.738,False,False
GOLD,2020-09-10,30,1.9,1.978,True,False
GOLD,2020-09-10,90,5.583,6.843,True,False
GOLD,2020-09-24,7,2.867,2.056,False,False
GOLD,2020-09-24,30,2.076,1.485,False,False
GOLD,2020-09-24,90,0.763,0.064,False,True
GOLD,2020-10-08,7,0.946,0.723,True,True
GOLD,2020-10-08,30,2.187,2.9,True,False
GOLD,2020-10-08,90,3.744,0.707,True,False
GOLD,2020-10-22,7,1.8,1.959,True,False
GOLD,2020-10-22,30,0.189,1.72,True,True
GOLD,2020-10-22,90,5.529,2.041,False,False
GOLD,2020-11-05,7,1.74,3.924,True,False
GOLD,2020-11-05,30,3.459,5.804,True,False
GOLD,2020-11-05,90,9.118,6.087,False,False
GOLD,2020-11-19,7,3.872,3.102,False,False
GOLD,2020-11-19,30,0.254,1.451,True,True
GOLD,2020-11-19,90,13.752,5.003,False,False
GOLD,2020-12-03,7,2.448,0.201,True,False
GOLD,2020-12-03,30,1.882,2.849,True,False
GOLD,2020-12-03,90,14.509,7.303,False,False
GOLD,2020-12-17,7,2.146,0.382,False,False
GOLD,2020-12-17,30,8.138,3.306,False,False
GOLD,2020-12-17,90,14.349,9.455,False,False
GOLD,2020-12-31,7,1.415,0.967,False,True
GOLD,2020-12-31,30,2.901,2.588,False,False
GOLD,2020-12-31,90,13.237,10.579,False,False
GOLD,2021-01-14,7,0.338,0.777,True,True
GOLD,2021-01-14,30,2.826,1.547,False,False
GOLD,2021-01-14,90,16.032,6.629,False,False
GOLD,2021-01-28,7,2.544,2.607,True,False
GOLD,2021-01-28,30,10.338,6.311,False,False
GOLD,2021-01-28,90,10.666,3.608,False,False
GOLD,2021-02-11,7,5.291,2.918,False,False
GOLD,2021-02-11,30,7.085,6.222,False,False
GOLD,2021-02-11,90,8.32,0.219,False,False
GOLD,2021-02-25,7,4.275,4.392,True,False
GOLD,2021-02-25,30,1.124,2.488,True,True
GOLD,2021-02-25,90,1.252,6.617,True,True
GOLD,2021-03-11,7,1.566,0.571,False,True
GOLD,2021-03-11,30,7.275,1.272,True,False
GOLD,2021-03-11,90,0.447,9.122,True,True
GOLD,2021-03-25,7,3.747,0.191,True,False
GOLD,2021-03-25,30,5.305,2.964,True,False
GOLD,2021-03-25,90,8.223,3.269,True,False
GOLD,2021-04-08,7,2.185,0.487,False,False
GOLD,2021-04-08,30,7.068,3.992,False,False
GOLD,2021-04-08,90,1.169,2.436,True,True
GOLD,2021-04-22,7,0.082,0.775,True,True
GOLD,2021-04-22,30,4.475,5.046,True,False
GOLD,2021-04-22,90,6.636,1.187,True,False
GOLD,2021-05-06,7,0.117,0.455,True,True
GOLD,2021-05-06,30,4.385,4.033,False,False
GOLD,2021-05-06,90,14.932,0.066,False,False
GOLD,2021-05-20,7,1.009,0.728,False,True
GOLD,2021-05-20,30,7.383,6.382,False,False
GOLD,2021-05-20,90,19.073,5.464,False,False
GOLD,2021-06-03,7,0.847,1.218,True,True
GOLD,2021-06-03,30,11.154,5.047,False,False
GOLD,2021-06-03,90,17.981,3.155,False,False
GOLD,2021-06-17,7,4.48,0.107,True,False
GOLD,2021-06-17,30,5.16,2.215,True,False
GOLD,2021-06-17,90,13.169,1.114,True,False
GOLD,2021-07-01,7,3.817,1.3,False,False
GOLD,2021-07-01,30,4.544,1.975,True,False
GOLD,2021-07-01,90,6.789,3.128,False,False
GOLD,2021-07-15,7,7.652,1.307,False,False
GOLD,2021-07-15,30,16.321,2.857,False,False
GOLD,2021-07-15,90,10.5,1.911,False,False
GOLD,2021-07-29,7,0.608,1.233,True,True
GOLD,2021-07-29,30,3.549,0.643,True,False
GOLD,2021-07-29,90,5.098,1.801,True,False
GOLD,2021-08-12,7,3.28,1.755,False,False
GOLD,2021-08-12,30,4.492,2.249,False,False
GOLD,2021-08-12,90,10.928,5.221,False,False
GOLD,2021-08-26,7,0.53,0.9,True,True
GOLD,2021-08-26,30,0.969,2.483,True,True
GOLD,2021-08-26,90,4.851,0.611,True,False
GOLD,2021-09-09,7,0.015,2.465,True,True
GOLD,2021-09-09,30,2.452,2.424,True,False
GOLD,2021-09-09,90,7.971,0.812,True,False
GOLD,2021-09-23,7,0.883,0.41,True,True
GOLD,2021-09-23,30,0.533,2.589,True,True
GOLD,2021-09-23,90,1.811,2.908,True,False
GOLD,2021-10-07,7,2.218,2.153,False,False
GOLD,2021-10-07,30,3.932,3.17,False,False
GOLD,2021-10-07,90,4.608,3.611,False,False
GOLD,2021-10-21,7,0.508,1.148,True,True
GOLD,2021-10-21,30,5.763,3.764,False,False
GOLD,2021-10-21,90,5.471,3.326,False,False
GOLD,2021-11-04,7,6.455,3.777,False,False
GOLD,2021-11-04,30,6.315,0.538,True,False
GOLD,2021-11-04,90,6.493,0.928,False,False
GOLD,2021-11-18,7,4.984,4.321,False,False
GOLD,2021-11-18,30,5.7,3.13,False,False
GOLD,2021-11-18,90,0.878,0.54,False,True
GOLD,2021-12-02,7,2.383,0.788,False,False
GOLD,2021-12-02,30,2.008,3.604,True,False
GOLD,2021-12-02,90,15.653,8.303,False,False
GOLD,2021-12-16,7,0.504,0.745,True,True
GOLD,2021-12-16,30,1.412,1.007,False,False
GOLD,2021-12-16,90,13.445,5.814,False,False
GOLD,2021-12-30,7,0.758,1.392,True,True
GOLD,2021-12-30,30,3.976,1.636,True,False
GOLD,2021-12-30,90,17.263,6.175,False,False
GOLD,2022-01-13,7,2.212,1.151,False,False
GOLD,2022-01-13,30,3.527,1.124,False,False
GOLD,2022-01-13,90,13.79,8.228,False,False
GOLD,2022-01-27,7,2.455,0.61,True,False
GOLD,2022-01-27,30,6.477,5.006,False,False
GOLD,2022-01-27,90,5.09,5.062,False,False
GOLD,2022-02-10,7,6.518,3.396,False,False
GOLD,2022-02-10,30,14.438,7.436,False,False
GOLD,2022-02-10,90,2.515,0.879,False,False
GOLD,2022-02-24,7,0.372,0.496,True,True
GOLD,2022-02-24,30,0.849,1.428,True,True
GOLD,2022-02-24,90,15.542,4.333,False,False
GOLD,2022-03-10,7,3.128,2.944,False,False
GOLD,2022-03-10,30,3.528,2.817,False,False
GOLD,2022-03-10,90,16.449,7.751,False,False
GOLD,2022-03-24,7,1.245,0.667,True,False
GOLD,2022-03-24,30,2.403,1.442,False,False
GOLD,2022-03-24,90,8.818,6.734,False,False
GOLD,2022-04-07,7,0.701,1.879,True,True
GOLD,2022-04-07,30,6.322,2.921,False,False
GOLD,2022-04-07,90,14.375,11.592,False,False
GOLD,2022-04-21,7,4.114,3.009,False,False
GOLD,2022-04-21,30,12.222,5.76,False,False
GOLD,2022-04-21,90,18.583,14.587,False,False
GOLD,2022-05-05,7,2.242,2.801,True,False
GOLD,2022-05-05,30,4.794,1.378,False,False
GOLD,2022-05-05,90,2.408,5.59,True,False
GOLD,2022-05-19,7,0.245,0.346,True,True
GOLD,2022-05-19,30,3.298,0.033,True,False
GOLD,2022-05-19,90,2.635,3.63,True,False
GOLD,2022-06-02,7,1.397,1.004,True,False
GOLD,2022-06-02,30,4.723,3.88,True,False
GOLD,2022-06-02,90,2.048,8.412,True,False
GOLD,2022-06-16,7,0.051,1.098,True,True
GOLD,2022-06-16,30,9.453,8.588,False,False
GOLD,2022-06-16,90,6.952,8.238,True,False
GOLD,2022-06-30,7,5.237,3.886,False,False
GOLD,2022-06-30,30,4.419,2.519,False,False
GOLD,2022-06-30,90,6.772,8.222,True,False
GOLD,2022-07-14,7,0.268,0.444,True,True
GOLD,2022-07-14,30,8.165,6.042,False,False
GOLD,2022-07-14,90,1.026,1.687,True,True
GOLD,2022-07-28,7,3.686,3.132,False,False
GOLD,2022-07-28,30,7.367,0.029,False,False
GOLD,2022-07-28,90,30.844,4.859,False,False
GOLD,2022-08-11,7,4.695,2.033,False,False
GOLD,2022-08-11,30,8.158,4.547,False,False
GOLD,2022-08-11,90,10.743,5.456,False,False
GOLD,2022-08-25,7,1.831,3.633,True,False
GOLD,2022-08-25,30,1.806,6.994,True,False
GOLD,2022-08-25,90,0.754,1.478,True,True
GOLD,2022-09-08,7,0.82,2.558,True,True
GOLD,2022-09-08,30,2.436,0.638,True,False
GOLD,2022-09-08,90,6.683,4.327,False,False
GOLD,2022-09-22,7,0.873,0.749,False,True
GOLD,2022-09-22,30,3.313,1.497,False,False
GOLD,2022-09-22,90,5.753,7.905,True,False
GOLD,2022-10-06,7,3.151,2.612,False,False
GOLD,2022-10-06,30,5.848,2.636,False,False
GOLD,2022-10-06,90,4.324,7.434,True,False
GOLD,2022-10-20,7,1.133,1.729,True,True
GOLD,2022-10-20,30,3.452,6.703,True,False
GOLD,2022-10-20,90,12.964,14.169,True,False
GOLD,2022-11-03,7,5.118,7.002,True,False
GOLD,2022-11-03,30,11.412,9.875,False,False
GOLD,2022-11-03,90,15.787,16.054,True,False
GOLD,2022-11-17,7,2.364,0.997,False,False
GOLD,2022-11-17,30,2.157,2.066,False,False
GOLD,2022-11-17,90,0.349,4.46,True,True
GOLD,2022-12-01,7,3.304,0.76,True,False
GOLD,2022-12-01,30,2.716,0.602,False,False
GOLD,2022-12-01,90,3.348,1.637,True,False
GOLD,2022-12-15,7,2.69,0.418,True,False
GOLD,2022-12-15,30,3.573,6.968,True,False
GOLD,2022-12-15,90,3.686,7.43,True,False
GOLD,2022-12-29,7,1.153,0.793,False,True
GOLD,2022-12-29,30,5.361,5.359,False,False
GOLD,2022-12-29,90,2.147,7.164,True,False
GOLD,2023-01-12,7,1.662,1.305,False,False
GOLD,2023-01-12,30,1.212,1.296,True,True
GOLD,2023-01-12,90,0.63,6.227,True,True
GOLD,2023-01-26,7,2.563,0.041,True,False
GOLD,2023-01-26,30,14.817,6.213,False,False
GOLD,2023-01-26,90,4.037,3.307,True,False
GOLD,2023-02-09,7,1.251,1.442,True,False
GOLD,2023-02-09,30,6.46,0.605,False,False
GOLD,2023-02-09,90,9.342,7.786,False,False
GOLD,2023-02-23,7,3.429,0.744,True,False
GOLD,2023-02-23,30,4.923,7.914,True,False
GOLD,2023-02-23,90,8.581,7.014,False,False
GOLD,2023-03-09,7,6.26,4.597,False,False
GOLD,2023-03-09,30,11.12,9.465,False,False
GOLD,2023-03-09,90,13.256,6.321,False,False
GOLD,2023-03-23,7,5.127,0.788,False,False
GOLD,2023-03-23,30,20.235,0.271,False,False
GOLD,2023-03-23,90,58.652,2.622,False,False
GOLD,2023-04-06,7,0.431,1.406,True,True
GOLD,2023-04-06,30,4.214,0.079,True,False
GOLD,2023-04-06,90,4.65,5.153,True,False
GOLD,2023-04-20,7,1.668,1.006,True,False
GOLD,2023-04-20,30,3.892,1.892,True,False
GOLD,2023-04-20,90,10.067,1.934,True,False
GOLD,2023-05-04,7,3.361,1.742,False,False
GOLD,2023-05-04,30,17.595,4.371,False,False
GOLD,2023-05-04,90,43.567,4.086,False,False
GOLD,2023-05-18,7,1.829,0.828,True,False
GOLD,2023-05-18,30,18.286,0.578,False,False
GOLD,2023-05-18,90,59.729,1.634,True,False
GOLD,2023-06-01,7,1.378,0.854,False,False
GOLD,2023-06-01,30,14.39,3.426,False,False
GOLD,2023-06-01,90,42.829,1.14,False,False
GOLD,2023-06-15,7,3.368,2.443,False,False
GOLD,2023-06-15,30,5.719,0.321,True,False
GOLD,2023-06-15,90,5.204,1.977,True,False
GOLD,2023-06-29,7,4.607,0.131,True,False
GOLD,2023-06-29,30,6.84,2.168,False,False
GOLD,2023-06-29,90,7.234,1.428,True,False
GOLD,2023-07-13,7,1.669,0.36,True,False
GOLD,2023-07-13,30,6.993,0.884,False,False
GOLD,2023-07-13,90,4.5,4.053,False,False
GOLD,2023-07-27,7,3.035,1.173,False,False
GOLD,2023-07-27,30,15.292,0.299,True,False
GOLD,2023-07-27,90,47.834,2.466,False,False
GOLD,2023-08-10,7,3.93,1.76,False,False
GOLD,2023-08-10,30,11.526,0.319,False,False
GOLD,2023-08-10,90,34.82,0.455,True,False
GOLD,2023-08-24,7,1.787,0.956,False,False
GOLD,2023-08-24,30,4.273,0.077,True,False
GOLD,2023-08-24,90,1.994,2.293,True,False
GOLD,2023-09-07,7,1.791,0.502,True,False
GOLD,2023-09-07,30,2.271,5.273,True,False
GOLD,2023-09-07,90,3.202,5.147,True,False
GOLD,2023-09-21,7,6.224,3.247,False,False
GOLD,2023-09-21,30,1.243,2.748,True,False
GOLD,2023-09-21,90,4.163,5.279,True,False
GOLD,2023-10-05,7,6.261,2.719,False,False
GOLD,2023-10-05,30,11.691,8.373,False,False
GOLD,2023-10-05,90,6.438,10.329,True,False
GOLD,2023-10-19,7,5.444,0.846,True,False
GOLD,2023-10-19,30,25.976,0.212,True,False
GOLD,2023-10-19,90,67.082,1.296,True,False
GOLD,2023-11-02,7,2.204,1.203,True,False
GOLD,2023-11-02,30,22.924,4.604,False,False
GOLD,2023-11-02,90,59.053,2.68,False,False
GOLD,2023-11-16,7,0.431,0.301,True,True
GOLD,2023-11-16,30,11.652,2.378,True,False
GOLD,2023-11-16,90,43.527,0.848,True,False
GOLD,2023-11-30,7,1.727,0.406,True,False
GOLD,2023-11-30,30,1.119,1.627,True,False
GOLD,2023-11-30,90,3.613,0.225,True,False
GOLD,2023-12-14,7,7.387,0.312,False,False
GOLD,2023-12-14,30,18.423,0.327,False,False
GOLD,2023-12-14,90,63.259,6.232,False,False
GOLD,2023-12-28,7,8.157,1.634,False,False
GOLD,2023-12-28,30,28.551,3.282,False,False
GOLD,2023-12-28,90,58.205,4.889,True,False
GOLD,2024-01-11,7,2.984,0.119,False,False
GOLD,2024-01-11,30,19.141,0.956,False,False
GOLD,2024-01-11,90,57.08,14.018,False,False
GOLD,2024-01-25,7,4.317,2.574,False,False
GOLD,2024-01-25,30,7.308,1.542,False,False
GOLD,2024-01-25,90,10.617,13.71,True,False
GOLD,2024-02-08,7,2.306,1.638,False,False
GOLD,2024-02-08,30,5.737,6.296,True,False
GOLD,2024-02-08,90,4.614,11.816,True,False
GOLD,2024-02-22,7,2.501,1.168,False,False
GOLD,2024-02-22,30,0.447,5.986,True,True
GOLD,2024-02-22,90,10.164,15.136,True,False
GOLD,2024-03-07,7,8.514,0.106,True,False
GOLD,2024-03-07,30,21.877,7.683,True,False
GOLD,2024-03-07,90,58.034,8.853,True,False
GOLD,2024-03-21,7,7.303,1.475,False,False
GOLD,2024-03-21,30,35.42,9.491,False,False
GOLD,2024-03-21,90,88.979,6.911,False,False
GOLD,2024-04-04,7,4.299,2.706,True,False
GOLD,2024-04-04,30,39.521,0.004,True,False
GOLD,2024-04-04,90,112.826,2.57,True,False
GOLD,2024-04-18,7,3.298,2.369,False,False
GOLD,2024-04-18,30,9.978,0.803,False,False
GOLD,2024-04-18,90,34.734,2.516,False,False
GOLD,2024-05-02,7,5.798,1.312,False,False
GOLD,2024-05-02,30,6.59,0.573,False,False
GOLD,2024-05-02,90,11.234,4.818,False,False
GOLD,2024-05-16,7,9.356,2.067,False,False
GOLD,2024-05-16,30,26.556,1.55,False,False
GOLD,2024-05-16,90,66.061,3.799,True,False
GOLD,2024-05-30,7,11.13,2.008,False,False
GOLD,2024-05-30,30,40.076,0.141,True,False
GOLD,2024-05-30,90,111.566,7.68,False,False
GOLD,2024-06-13,7,2.604,2.153,True,False
GOLD,2024-06-13,30,21.826,4.243,True,False
GOLD,2024-06-13,90,69.777,8.826,True,False
GOLD,2024-06-27,7,1.465,1.384,False,False
GOLD,2024-06-27,30,8.238,1.865,False,False
GOLD,2024-06-27,90,39.466,12.966,False,False
GOLD,2024-07-11,7,3.733,1.404,False,False
GOLD,2024-07-11,30,4.376,2.082,False,False
GOLD,2024-07-11,90,12.555,7.772,False,False
GOLD,2024-07-25,7,1.767,5.131,True,False
GOLD,2024-07-25,30,5.885,7.572,True,False
GOLD,2024-07-25,90,10.213,13.772,True,False
GOLD,2024-08-08,7,2.744,1.168,False,False
GOLD,2024-08-08,30,2.525,2.428,False,False
GOLD,2024-08-08,90,7.991,7.959,False,False
GOLD,2024-08-22,7,2.676,1.703,True,False
GOLD,2024-08-22,30,5.941,4.894,True,False
GOLD,2024-08-22,90,28.463,5.091,True,False
GOLD,2024-09-05,7,5.017,1.453,False,False
GOLD,2024-09-05,30,25.513,4.674,False,False
GOLD,2024-09-05,90,57.164,4.973,False,False
GOLD,2024-09-19,7,0.37,2.98,True,True
GOLD,2024-09-19,30,21.747,4.227,True,False
GOLD,2024-09-19,90,82.716,1.459,True,False
GOLD,2024-10-03,7,2.369,1.512,False,False
GOLD,2024-10-03,30,12.477,2.546,False,False
GOLD,2024-10-03,90,41.956,1.446,True,False
GOLD,2024-10-17,7,3.838,1.506,False,False
GOLD,2024-10-17,30,2.83,5.346,True,False
GOLD,2024-10-17,90,1.663,0.379,False,False
GOLD,2024-10-31,7,6.223,1.608,False,False
GOLD,2024-10-31,30,17.58,3.474,False,False
GOLD,2024-10-31,90,32.912,0.74,True,False
GOLD,2024-11-14,7,11.15,3.813,False,False
GOLD,2024-11-14,30,33.848,3.846,False,False
GOLD,2024-11-14,90,97.953,12.149,False,False
GOLD,2024-11-27,7,2.901,1.356,True,False
GOLD,2024-11-27,30,24.174,0.304,False,False
GOLD,2024-11-27,90,51.847,9.555,True,False
GOLD,2024-12-12,7,6.537,3.884,False,False
GOLD,2024-12-12,30,1.167,0.206,True,True
GOLD,2024-12-12,90,3.004,8.056,True,False
GOLD,2024-12-26,7,5.096,0.566,False,False
GOLD,2024-12-26,30,8.956,4.498,False,False
GOLD,2024-12-26,90,11.019,12.195,True,False
GOLD,2025-01-09,7,0.397,2.185,True,True
GOLD,2025-01-09,30,5.342,6.815,True,False
GOLD,2025-01-09,90,0.721,12.619,True,True
GOLD,2025-01-23,7,1.8,2.055,True,False
GOLD,2025-01-23,30,5.984,6.373,True,False
GOLD,2025-01-23,90,6.49,16.062,True,False
GOLD,2025-02-06,7,4.296,2.332,True,False
GOLD,2025-02-06,30,36.32,1.283,True,False
GOLD,2025-02-06,90,76.101,15.189,True,False
GOLD,2025-02-20,7,3.584,2.079,False,False
GOLD,2025-02-20,30,6.085,2.161,False,False
GOLD,2025-02-20,90,29.607,10.786,False,False
GOLD,2025-03-06,7,5.405,2.163,False,False
GOLD,2025-03-06,30,1.66,3.584,True,False
GOLD,2025-03-06,90,10.576,13.903,True,False
GOLD,2025-03-20,7,4.508,0.562,True,False
GOLD,2025-03-20,30,0.761,8.551,True,True
GOLD,2025-03-20,90,2.684,10.689,True,False
GOLD,2025-04-03,7,0.713,1.756,True,True
GOLD,2025-04-03,30,3.38,3.749,True,False
GOLD,2025-04-03,90,6.064,7.084,True,False
GOLD,2025-04-17,7,4.086,0.603,True,False
GOLD,2025-04-17,30,27.844,4.43,False,False
GOLD,2025-04-17,90,63.238,0.914,True,False
GOLD,2025-05-01,7,1.455,2.535,True,False
GOLD,2025-05-01,30,8.927,2.028,False,False
GOLD,2025-05-01,90,21.034,2.233,False,False
GOLD,2025-05-15,7,4.455,2.076,False,False
GOLD,2025-05-15,30,9.85,6.551,False,False
GOLD,2025-05-15,90,3.679,5.331,True,False
GOLD,2025-05-29,7,0.719,1.718,True,True
GOLD,2025-05-29,30,2.202,0.897,False,False
GOLD,2025-05-29,90,3.388,3.813,True,False
GOLD,2025-06-12,7,2.741,0.167,False,False
GOLD,2025-06-12,30,0.945,1.141,True,True
GOLD,2025-06-12,90,3.995,7.594,True,False
GOLD,2025-06-26,7,2.486,0.153,False,False
GOLD,2025-06-26,30,3.936,0.372,False,False
GOLD,2025-06-26,90,1.224,11.149,True,True
GOLD,2025-07-10,7,1.336,0.586,False,True
GOLD,2025-07-10,30,4.407,4.743,True,False
GOLD,2025-07-10,90,13.321,18.298,True,False
GOLD,2025-07-24,7,4.284,2.438,False,False
GOLD,2025-07-24,30,4.201,1.316,True,False
GOLD,2025-07-24,90,7.186,17.019,True,False
GOLD,2025-08-07,7,3.839,2.084,False,False
GOLD,2025-08-07,30,3.372,5.464,True,False
GOLD,2025-08-07,90,6.956,13.504,True,False
GOLD,2025-08-21,7,4.781,2.668,False,False
GOLD,2025-08-21,30,7.807,8.748,True,False
GOLD,2025-08-21,90,17.012,17.174,True,False
GOLD,2025-09-04,7,1.485,1.821,True,False
GOLD,2025-09-04,30,2.55,7.731,True,False
GOLD,2025-09-04,90,9.005,14.786,True,False
GOLD,2025-09-18,7,1.045,2.461,True,True
GOLD,2025-09-18,30,10.343,12.698,True,False
GOLD,2025-09-18,90,14.912,15.903,True,False
GOLD,2025-10-02,7,0.242,2.631,True,True
GOLD,2025-10-02,30,11.916,3.213,True,False
GOLD,2025-10-02,90,25.274,10.896,True,False
GOLD,2025-10-16,7,5.166,3.835,False,False
GOLD,2025-10-16,30,2.81,5.139,True,False
GOLD,2025-10-16,90,7.154,7.142,False,False
GOLD,2025-10-30,7,4.549,0.624,True,False
GOLD,2025-10-30,30,10.804,5.617,False,False
GOLD,2025-10-30,90,26.375,24.28,False,False
GOLD,2025-11-13,7,5.807,3.313,False,False
GOLD,2025-11-13,30,3.09,3.091,True,False
GOLD,2025-11-13,90,0.209,17.731,True,True
GOLD,2025-11-26,7,0.76,1.59,True,True
GOLD,2025-11-26,30,8.651,8.511,False,False
GOLD,2025-11-26,90,14.666,19.533,True,False
GOLD,2025-12-11,7,4.046,1.18,False,False
GOLD,2025-12-11,30,6.219,4.175,False,False
GOLD,2025-12-11,90,13.015,16.723,True,False
GOLD,2025-12-24,7,6.678,3.725,False,False
GOLD,2025-12-24,30,5.418,9.577,True,False
GOLD,2025-12-24,90,13.898,2.29,False,False
GOLD,2026-01-08,7,5.429,3.525,False,False
GOLD,2026-01-08,30,8.195,10.424,True,False
GOLD,2026-01-08,90,0.776,6.625,True,True
GOLD,2026-01-22,7,5.366,7.615,True,False
GOLD,2026-01-22,30,1.212,3.297,True,True
GOLD,2026-01-22,90,18.177,3.375,False,False
GOLD,2026-02-05,7,0.855,1.19,True,True
GOLD,2026-02-05,30,4.745,5.218,True,False
GOLD,2026-02-05,90,12.106,4.158,False,False
GOLD,2026-02-19,7,5.938,3.789,False,False
GOLD,2026-02-19,30,9.088,9.235,True,False
GOLD,2026-02-19,90,16.189,10.189,False,False
GOLD,2026-03-05,7,4.866,0.919,True,False
GOLD,2026-03-05,30,16.597,8.526,False,False
GOLD,2026-03-05,90,28.639,13.696,False,False
GOLD,2026-03-19,7,6.441,5.242,False,False
GOLD,2026-03-19,30,1.568,5.613,True,True
GOLD,2026-03-19,90,15.151,5.119,False,False
GOLD,2026-04-02,7,0.389,2.87,True,True
GOLD,2026-04-02,30,7.659,0.758,False,False
GOLD,2026-04-02,90,24.397,14.631,False,False
GOLD,2026-04-16,7,4.063,1.785,False,False
GOLD,2026-04-16,30,5.356,5.401,True,False
GOLD,2026-04-16,90,20.376,18.671,False,False
GOLD,2026-04-30,7,6.644,1.726,False,False
GOLD,2026-04-30,30,2.393,0.797,True,False
GOLD,2026-04-30,90,13.252,14.699,True,False
GOLD,2026-05-14,7,8.15,3.144,False,False
GOLD,2026-05-14,30,17.459,10.534,False,False
GOLD,2026-05-14,90,12.136,4.875,False,False
GOLD,2026-05-28,7,3.104,0.127,False,False
GOLD,2026-05-28,30,7.664,9.838,True,False
GOLD,2026-05-28,90,3.448,3.309,False,False
GOLD,2026-06-11,7,1.877,3.107,True,True
GOLD,2026-06-11,30,0.353,0.007,True,True
GOLD,2026-06-11,90,0.17,7.772,True,True
GOLD,2026-06-25,7,0.769,1.893,True,True
GOLD,2026-06-25,30,1.678,0.57,True,True
GOLD,2026-06-25,90,4.236,6.271,True,False
